task,item_id,condition,exemplar,correct,incorrect,human_prop_correct,prefix,question,model_input,layer_idx,entropy_first_token,rank_correct_first_token,logits_correct,logits_deltas_correct,rank_incorrect_first_token,logits_incorrect,logits_deltas_incorrect,mean_logprob_correct,mean_logprob_incorrect,mean_logprob_response,mean_logprob_response_isCorrect,sum_logprob_correct,sum_logprob_incorrect,sum_logprob_response,sum_logprob_response_isCorrect,first_logprob_correct,first_logprob_incorrect,first_logprob_response,first_logprob_response_isCorrect
animals,1,Atypical,eel,fish,reptile,0.9537037037,An eel is a type of,What kind of animal is an eel?,An eel is a type of,0,2.0401726,28674,[406.6627197265625],[338.3524169921875],27100,"[407.33648681640625, 417.82391357421875]","[338.6513977050781, 358.114990234375]",-33.62793,-29.87976,incorrect,False,-33.62793,-59.75952,correct,True,-33.62793,-32.9542,incorrect,False
animals,1,Atypical,eel,fish,reptile,0.9537037037,An eel is a type of,What kind of animal is an eel?,An eel is a type of,1,1.7674786,14278,[363.44677734375],[427.2493591308594],11132,"[364.98065185546875, 397.11761474609375]","[418.0638122558594, 479.41131591796875]",-27.8632,-29.728924,correct,True,-27.8632,-59.457848,correct,True,-27.8632,-26.329357,incorrect,False
animals,1,Atypical,eel,fish,reptile,0.9537037037,An eel is a type of,What kind of animal is an eel?,An eel is a type of,2,1.8282785,5615,[399.0655212402344],[390.85369873046875],16020,"[393.77056884765625, 445.8407287597656]","[390.0521240234375, 369.1788330078125]",-21.531054,-24.458378,correct,True,-21.531054,-48.916756,correct,True,-21.531054,-26.82609,correct,True
animals,1,Atypical,eel,fish,reptile,0.9537037037,An eel is a type of,What kind of animal is an eel?,An eel is a type of,3,0.7730625,2752,[396.4912414550781],[439.5919189453125],8749,"[391.3389892578125, 432.56170654296875]","[440.11798095703125, 468.21185302734375]",-24.629377,-25.84793,correct,True,-24.629377,-51.69586,correct,True,-24.629377,-29.781706,correct,True
animals,1,Atypical,eel,fish,reptile,0.9537037037,An eel is a type of,What kind of animal is an eel?,An eel is a type of,4,1.2817904,5108,[430.02899169921875],[1065.708740234375],8820,"[427.3402404785156, 487.6318359375]","[1064.00341796875, 1056.1370849609375]",-23.749702,-16.290495,incorrect,False,-23.749702,-32.58099,correct,True,-23.749702,-26.438519,correct,True
animals,1,Atypical,eel,fish,reptile,0.9537037037,An eel is a type of,What kind of animal is an eel?,An eel is a type of,5,8.673396,284,[1074.138916015625],,2848,"[1072.199462890625, 1066.63037109375]",,-7.6365843,-5.0243883,incorrect,False,-7.6365843,-10.048777,correct,True,-7.6365843,-9.576031,correct,True
animals,2,Atypical,bat,mammal,bird,0.7777777778,A bat is a type of,What kind of animal is a bat?,A bat is a type of,0,2.1323144,6234,"[420.2003479003906, 442.3355712890625]","[331.3392639160156, 374.41021728515625]",10636,[417.3521423339844],[335.3433532714844],-24.498909,-25.991703,correct,True,-48.997818,-25.991703,incorrect,False,-23.143497,-25.991703,correct,True
animals,2,Atypical,bat,mammal,bird,0.7777777778,A bat is a type of,What kind of animal is a bat?,A bat is a type of,1,1.8422345,3535,"[369.535400390625, 422.78167724609375]","[428.80816650390625, 437.3984375]",3165,[369.9698791503906],[420.68841552734375],-23.620064,-20.188982,incorrect,False,-47.240128,-20.188982,incorrect,False,-20.62346,-20.188982,incorrect,False
animals,2,Atypical,bat,mammal,bird,0.7777777778,A bat is a type of,What kind of animal is a bat?,A bat is a type of,2,1.6718903,820,"[403.7025146484375, 439.5013427734375]","[379.320556640625, 421.7265319824219]",4661,[397.9920959472656],[392.32696533203125],-16.90171,-20.753864,correct,True,-33.80342,-20.753864,incorrect,False,-15.043447,-20.753864,correct,True
animals,2,Atypical,bat,mammal,bird,0.7777777778,A bat is a type of,What kind of animal is a bat?,A bat is a type of,3,0.10071286,3291,"[393.5245666503906, 459.28509521484375]","[429.3436279296875, 398.6479187011719]",1332,[396.87506103515625],[435.10504150390625],-17.246124,-22.132864,correct,True,-34.49225,-22.132864,incorrect,False,-25.483358,-22.132864,incorrect,False
animals,2,Atypical,bat,mammal,bird,0.7777777778,A bat is a type of,What kind of animal is a bat?,A bat is a type of,4,2.481551,4630,"[418.7335205078125, 466.951416015625]","[1064.17529296875, 1051.036376953125]",889,[425.16455078125],[1063.9306640625],-11.364135,-16.294664,correct,True,-22.72827,-16.294664,incorrect,False,-22.725695,-16.294664,incorrect,False
animals,2,Atypical,bat,mammal,bird,0.7777777778,A bat is a type of,What kind of animal is a bat?,A bat is a type of,5,8.130981,263,"[1073.2891845703125, 1049.715087890625]",,58,[1074.2735595703125],,-3.7709122,-6.4359417,correct,True,-7.5418243,-6.4359417,incorrect,False,-7.4203167,-6.4359417,incorrect,False
animals,3,Atypical,penguin,bird,fish,0.9259259259,A penguin is a type of,What kind of animal is a penguin?,A penguin is a type of,0,2.1058204,10417,[418.00634765625],[337.7615661621094],31474,[408.8014831542969],[339.00701904296875],-25.450583,-34.655445,correct,True,-25.450583,-34.655445,correct,True,-25.450583,-34.655445,correct,True
animals,3,Atypical,penguin,bird,fish,0.9259259259,A penguin is a type of,What kind of animal is a penguin?,A penguin is a type of,1,1.5988035,4094,[371.5655822753906],[413.57806396484375],14423,[364.9862060546875],[417.17181396484375],-22.05426,-28.633636,correct,True,-22.05426,-28.633636,correct,True,-22.05426,-28.633636,correct,True
animals,3,Atypical,penguin,bird,fish,0.9259259259,A penguin is a type of,What kind of animal is a penguin?,A penguin is a type of,2,1.883235,3232,[393.7221984863281],[393.61236572265625],5109,[391.984619140625],[394.1689453125],-18.5928,-20.33038,correct,True,-18.5928,-20.33038,correct,True,-18.5928,-20.33038,correct,True
animals,3,Atypical,penguin,bird,fish,0.9259259259,A penguin is a type of,What kind of animal is a penguin?,A penguin is a type of,3,0.54665565,396,[393.2174987792969],[440.4289245605469],694,[391.42413330078125],[440.2771911621094],-17.82949,-19.622856,correct,True,-17.82949,-19.622856,correct,True,-17.82949,-19.622856,correct,True
animals,3,Atypical,penguin,bird,fish,0.9259259259,A penguin is a type of,What kind of animal is a penguin?,A penguin is a type of,4,1.9338393,63,[427.16888427734375],[1064.9686279296875],121,[425.6260986328125],[1065.9022216796875],-8.889789,-10.432574,correct,True,-8.889789,-10.432574,correct,True,-8.889789,-10.432574,correct,True
animals,3,Atypical,penguin,bird,fish,0.9259259259,A penguin is a type of,What kind of animal is a penguin?,A penguin is a type of,5,7.949594,4,[1075.5716552734375],,1,[1076.13916015625],,-4.7903767,-4.222872,incorrect,False,-4.7903767,-4.222872,incorrect,False,-4.7903767,-4.222872,incorrect,False
animals,4,Atypical,butterfly,insect,bird,0.9814814815,A butterfly is a type of,What kind of animal is a butterfly?,A butterfly is a type of,0,2.5574343,33248,[409.2135314941406],[335.8228759765625],10358,[419.6763916015625],[334.7650146484375],-35.93948,-25.47662,incorrect,False,-35.93948,-25.47662,incorrect,False,-35.93948,-25.47662,incorrect,False
animals,4,Atypical,butterfly,insect,bird,0.9814814815,A butterfly is a type of,What kind of animal is a butterfly?,A butterfly is a type of,1,1.350507,14939,[363.5406494140625],[422.7314147949219],3726,[370.7578125],[420.73590087890625],-28.742903,-21.52574,incorrect,False,-28.742903,-21.52574,incorrect,False,-28.742903,-21.52574,incorrect,False
animals,4,Atypical,butterfly,insect,bird,0.9814814815,A butterfly is a type of,What kind of animal is a butterfly?,A butterfly is a type of,2,0.90230954,6119,[395.474365234375],[407.38555908203125],2810,[398.4372863769531],[401.2913818359375],-22.137749,-19.174828,incorrect,False,-22.137749,-19.174828,incorrect,False,-22.137749,-19.174828,incorrect,False
animals,4,Atypical,butterfly,insect,bird,0.9814814815,A butterfly is a type of,What kind of animal is a butterfly?,A butterfly is a type of,3,0.7003256,60,[406.1280822753906],[449.5853576660156],126,[404.11370849609375],[455.603515625],-11.505636,-13.52001,correct,True,-11.505636,-13.52001,correct,True,-11.505636,-13.52001,correct,True
animals,4,Atypical,butterfly,insect,bird,0.9814814815,A butterfly is a type of,What kind of animal is a butterfly?,A butterfly is a type of,4,1.3673636,101,[441.9605712890625],[1066.1558837890625],36,[444.354248046875],[1064.728271484375],-11.734503,-9.340826,incorrect,False,-11.734503,-9.340826,incorrect,False,-11.734503,-9.340826,incorrect,False
animals,4,Atypical,butterfly,insect,bird,0.9814814815,A butterfly is a type of,What kind of animal is a butterfly?,A butterfly is a type of,5,7.5853224,2,[1076.2955322265625],,3,[1075.208984375],,-3.4027913,-4.489339,correct,True,-3.4027913,-4.489339,correct,True,-3.4027913,-4.489339,correct,True
animals,5,Atypical,sea lion,mammal,fish,0.9074074074,A sea lion is a type of,What kind of animal is a sea lion?,A sea lion is a type of,0,2.1873803,5972,"[421.3322448730469, 439.6601867675781]","[331.833740234375, 383.55859375]",31532,[409.15997314453125],[338.5042724609375],-24.485016,-34.66608,correct,True,-48.97003,-34.66608,incorrect,False,-22.49379,-34.66608,correct,True
animals,5,Atypical,sea lion,mammal,fish,0.9074074074,A sea lion is a type of,What kind of animal is a sea lion?,A sea lion is a type of,1,1.675395,5051,"[371.5516052246094, 428.90673828125]","[419.5290832519531, 438.6728515625]",14078,[366.18402099609375],[417.17138671875],-23.708107,-27.699575,correct,True,-47.416214,-27.699575,incorrect,False,-22.33205,-27.699575,correct,True
animals,5,Atypical,sea lion,mammal,fish,0.9074074074,A sea lion is a type of,What kind of animal is a sea lion?,A sea lion is a type of,2,0.9554653,975,"[398.31744384765625, 445.63433837890625]","[384.7471618652344, 424.8198547363281]",4826,[393.06591796875],[401.96697998046875],-18.759186,-22.081144,correct,True,-37.51837,-22.081144,incorrect,False,-16.829538,-22.081144,correct,True
animals,5,Atypical,sea lion,mammal,fish,0.9074074074,A sea lion is a type of,What kind of animal is a sea lion?,A sea lion is a type of,3,0.2674328,1681,"[391.8729248046875, 466.3957824707031]","[459.75933837890625, 438.28131103515625]",186,[398.55474853515625],[466.1973876953125],-16.655735,-15.607251,incorrect,False,-33.31147,-15.607251,incorrect,False,-22.289131,-15.607251,incorrect,False
animals,5,Atypical,sea lion,mammal,fish,0.9074074074,A sea lion is a type of,What kind of animal is a sea lion?,A sea lion is a type of,4,2.4902046,2250,"[438.828369140625, 502.1269836425781]","[1064.85205078125, 1048.363037109375]",87,[448.0621337890625],[1065.6766357421875],-9.21057,-9.185966,incorrect,False,-18.42114,-9.185966,incorrect,False,-18.41975,-9.185966,incorrect,False
animals,5,Atypical,sea lion,mammal,fish,0.9074074074,A sea lion is a type of,What kind of animal is a sea lion?,A sea lion is a type of,5,7.4053884,73,"[1073.4764404296875, 1051.614990234375]",,3,[1076.0205078125],,-3.1956575,-3.7933087,correct,True,-6.391315,-3.7933087,incorrect,False,-6.3373923,-3.7933087,incorrect,False
animals,6,Atypical,whale,mammal,fish,0.8055555556,A whale is a type of,What kind of animal is a whale?,A whale is a type of,0,2.1138742,5735,"[422.3857421875, 441.25457763671875]","[331.1701354980469, 403.7868347167969]",29894,[410.30865478515625],[335.38720703125],-26.143795,-35.069336,correct,True,-52.28759,-35.069336,incorrect,False,-22.992249,-35.069336,correct,True
animals,6,Atypical,whale,mammal,fish,0.8055555556,A whale is a type of,What kind of animal is a whale?,A whale is a type of,1,1.3763406,3552,"[370.72894287109375, 442.6242980957031]","[434.30181884765625, 451.0724182128906]",14046,[363.8157958984375],[433.196044921875],-25.446209,-28.440699,correct,True,-50.892418,-28.440699,incorrect,False,-21.527552,-28.440699,correct,True
animals,6,Atypical,whale,mammal,fish,0.8055555556,A whale is a type of,What kind of animal is a whale?,A whale is a type of,2,1.8024317,743,"[408.5544128417969, 463.7605285644531]","[370.77301025390625, 392.1517028808594]",4123,[403.10284423828125],[380.25994873046875],-16.647087,-19.866028,correct,True,-33.294174,-19.866028,incorrect,False,-14.414459,-19.866028,correct,True
animals,6,Atypical,whale,mammal,fish,0.8055555556,A whale is a type of,What kind of animal is a whale?,A whale is a type of,3,0.18055384,729,"[392.0931396484375, 464.53009033203125]","[464.2473449707031, 423.08251953125]",563,[392.86627197265625],[467.7728271484375],-16.442863,-19.431099,correct,True,-32.885727,-19.431099,incorrect,False,-20.204231,-19.431099,incorrect,False
animals,6,Atypical,whale,mammal,fish,0.8055555556,A whale is a type of,What kind of animal is a whale?,A whale is a type of,4,1.315111,462,"[441.4154052734375, 493.44012451171875]","[1065.162109375, 1044.633056640625]",194,[444.1314697265625],[1065.816162109375],-7.654758,-12.593303,correct,True,-15.309516,-12.593303,incorrect,False,-15.309367,-12.593303,incorrect,False
animals,6,Atypical,whale,mammal,fish,0.8055555556,A whale is a type of,What kind of animal is a whale?,A whale is a type of,5,7.5187445,12,"[1074.7911376953125, 1052.1817626953125]",,6,[1075.844970703125],,-2.6952584,-4.31433,correct,True,-5.3905168,-4.31433,incorrect,False,-5.368163,-4.31433,incorrect,False
animals,7,Typical,alligator,reptile,mammal,0.962962963,An alligator is a type of,What kind of animal is an alligator?,An alligator is a type of,0,2.8196402,26980,"[412.5113830566406, 421.0338134765625]","[332.81854248046875, 353.7227478027344]",4749,"[423.2799072265625, 441.8356018066406]","[330.2401428222656, 373.0892639160156]",-28.586992,-22.956253,incorrect,False,-57.173985,-45.912506,incorrect,False,-31.26702,-20.498495,incorrect,False
animals,7,Typical,alligator,reptile,mammal,0.962962963,An alligator is a type of,What kind of animal is an alligator?,An alligator is a type of,1,1.4884269,11414,"[367.3328552246094, 399.283203125]","[406.1606750488281, 467.71875]",2679,"[373.93548583984375, 421.6349182128906]","[417.162353515625, 436.4290466308594]",-29.46294,-23.696209,incorrect,False,-58.92588,-47.392418,incorrect,False,-26.277832,-19.675201,incorrect,False
animals,7,Typical,alligator,reptile,mammal,0.962962963,An alligator is a type of,What kind of animal is an alligator?,An alligator is a type of,2,1.4803272,16948,"[385.4339599609375, 439.0339660644531]","[402.0521240234375, 386.61962890625]",1002,"[397.140869140625, 438.1574401855469]","[390.72119140625, 424.25579833984375]",-23.73103,-18.624853,incorrect,False,-47.46206,-37.249706,incorrect,False,-28.057337,-16.350428,incorrect,False
animals,7,Typical,alligator,reptile,mammal,0.962962963,An alligator is a type of,What kind of animal is an alligator?,An alligator is a type of,3,0.20011164,3051,"[391.5126953125, 436.501708984375]","[453.0318603515625, 471.05615234375]",1171,"[395.0435791015625, 458.7489013671875]","[448.36773681640625, 411.54107666015625]",-22.814316,-16.521957,incorrect,False,-45.62863,-33.043915,incorrect,False,-24.443726,-20.912842,incorrect,False
animals,7,Typical,alligator,reptile,mammal,0.962962963,An alligator is a type of,What kind of animal is an alligator?,An alligator is a type of,4,2.7130132,1658,"[434.3737487792969, 492.4766845703125]","[1063.376220703125, 1055.386474609375]",2189,"[433.3494567871094, 477.31927490234375]","[1063.8199462890625, 1052.0540771484375]",-11.045818,-9.29525,incorrect,False,-22.091637,-18.5905,incorrect,False,-17.258512,-18.282804,correct,True
animals,7,Typical,alligator,reptile,mammal,0.962962963,An alligator is a type of,What kind of animal is an alligator?,An alligator is a type of,5,8.352915,314,"[1073.27099609375, 1065.2447509765625]",,257,"[1073.38818359375, 1052.893798828125]",,-3.9466455,-4.174356,correct,True,-7.893291,-8.348712,correct,True,-7.5907187,-7.4735312,incorrect,False
animals,8,Typical,chameleon,reptile,insect,0.9814814815,A chameleon is a type of,What kind of animal is a chameleon?,A chameleon is a type of,0,1.4985886,26726,"[403.8097229003906, 416.7537841796875]","[345.3829345703125, 360.50311279296875]",31383,[401.98236083984375],[346.10198974609375],-29.134705,-33.9841,correct,True,-58.26941,-33.9841,incorrect,False,-32.156708,-33.9841,correct,True
animals,8,Typical,chameleon,reptile,insect,0.9814814815,A chameleon is a type of,What kind of animal is a chameleon?,A chameleon is a type of,1,1.7623554,10861,"[368.4274597167969, 398.4798889160156]","[428.66290283203125, 470.080322265625]",13337,[367.1755676269531],[436.4630126953125],-29.065655,-27.487728,incorrect,False,-58.13131,-27.487728,incorrect,False,-26.23579,-27.487728,correct,True
animals,8,Typical,chameleon,reptile,insect,0.9814814815,A chameleon is a type of,What kind of animal is a chameleon?,A chameleon is a type of,2,2.5371904,16839,"[401.7835998535156, 439.04083251953125]","[367.60400390625, 382.66741943359375]",7178,[406.28387451171875],[371.97216796875],-23.917858,-21.77745,incorrect,False,-47.835716,-21.77745,incorrect,False,-26.277739,-21.77745,incorrect,False
animals,8,Typical,chameleon,reptile,insect,0.9814814815,A chameleon is a type of,What kind of animal is a chameleon?,A chameleon is a type of,3,0.1957278,9481,"[383.0108337402344, 434.15240478515625]","[432.051513671875, 462.5226135253906]",1569,[390.56329345703125],[432.69769287109375],-25.471249,-22.519526,incorrect,False,-50.942497,-22.519526,incorrect,False,-30.07165,-22.519526,incorrect,False
animals,8,Typical,chameleon,reptile,insect,0.9814814815,A chameleon is a type of,What kind of animal is a chameleon?,A chameleon is a type of,4,0.5243984,11797,"[414.6925354003906, 484.65826416015625]","[1064.826171875, 1055.51611328125]",3522,[420.6490173339844],[1066.396484375],-16.873552,-23.557768,correct,True,-33.747105,-23.557768,incorrect,False,-29.514236,-23.557768,incorrect,False
animals,8,Typical,chameleon,reptile,insect,0.9814814815,A chameleon is a type of,What kind of animal is a chameleon?,A chameleon is a type of,5,8.558081,2556,"[1072.5673828125, 1066.63232421875]",,97,[1075.1358642578125],,-4.9013476,-6.9147243,correct,True,-9.802695,-6.9147243,incorrect,False,-9.483207,-6.9147243,incorrect,False
animals,9,Typical,falcon,bird,reptile,0.9722222222,A falcon is a type of,What kind of animal is a falcon?,A falcon is a type of,0,1.9228815,10309,[414.69805908203125],[340.1187744140625],29557,"[406.2018127441406, 418.0689697265625]","[340.2323303222656, 362.3002014160156]",-25.694477,-30.262903,correct,True,-25.694477,-60.525806,correct,True,-25.694477,-34.190655,correct,True
animals,9,Typical,falcon,bird,reptile,0.9722222222,A falcon is a type of,What kind of animal is a falcon?,A falcon is a type of,1,2.111433,3436,[371.26837158203125],[410.2957763671875],12065,"[365.1341552734375, 399.93682861328125]","[405.538330078125, 464.0845947265625]",-20.405327,-29.134834,correct,True,-20.405327,-58.26967,correct,True,-20.405327,-26.539587,correct,True
animals,9,Typical,falcon,bird,reptile,0.9722222222,A falcon is a type of,What kind of animal is a falcon?,A falcon is a type of,2,2.3728132,5002,[390.9432067871094],[388.41815185546875],19562,"[383.95599365234375, 437.09124755859375]","[383.97906494140625, 379.1063232421875]",-20.348629,-23.460075,correct,True,-20.348629,-46.92015,correct,True,-20.348629,-27.335844,correct,True
animals,9,Typical,falcon,bird,reptile,0.9722222222,A falcon is a type of,What kind of animal is a falcon?,A falcon is a type of,3,0.2543624,1201,[386.416015625],[442.849853515625],11946,"[376.5530700683594, 430.4678955078125]","[435.001708984375, 458.209228515625]",-21.312037,-25.177353,correct,True,-21.312037,-50.354706,correct,True,-21.312037,-31.174917,correct,True
animals,9,Typical,falcon,bird,reptile,0.9722222222,A falcon is a type of,What kind of animal is a falcon?,A falcon is a type of,4,2.1050239,264,[424.0455322265625],[1064.809814453125],8043,"[411.3419189453125, 478.3157653808594]","[1063.854736328125, 1053.4642333984375]",-13.627035,-14.388939,correct,True,-13.627035,-28.777878,correct,True,-13.627035,-26.330626,correct,True
animals,9,Typical,falcon,bird,reptile,0.9722222222,A falcon is a type of,What kind of animal is a falcon?,A falcon is a type of,5,8.389888,12,[1074.7841796875],,1523,"[1071.581787109375, 1065.07470703125]",,-5.748273,-4.5732303,incorrect,False,-5.748273,-9.146461,correct,True,-5.748273,-8.95067,correct,True
animals,10,Typical,goldfish,fish,amphibian,1.0,A goldfish is a type of,What kind of animal is a goldfish?,A goldfish is a type of,0,2.2127137,30696,[407.98345947265625],[333.63787841796875],43120,"[401.3849792480469, 407.1434326171875]","[326.18292236328125, 392.58349609375]",-34.265717,-26.105904,incorrect,False,-34.265717,-52.211807,correct,True,-34.265717,-40.86429,correct,True
animals,10,Typical,goldfish,fish,amphibian,1.0,A goldfish is a type of,What kind of animal is a goldfish?,A goldfish is a type of,1,1.6724472,13068,[360.520751953125],[421.70965576171875],35599,"[351.1011962890625, 403.9688720703125]","[407.88763427734375, 467.2603759765625]",-27.431555,-20.893314,incorrect,False,-27.431555,-41.78663,correct,True,-27.431555,-36.851105,correct,True
animals,10,Typical,goldfish,fish,amphibian,1.0,A goldfish is a type of,What kind of animal is a goldfish?,A goldfish is a type of,2,2.1982763,3794,[392.8544921875],[397.1707763671875],37461,"[377.64483642578125, 442.06781005859375]","[401.41650390625, 385.364501953125]",-19.58502,-21.778673,correct,True,-19.58502,-43.557346,correct,True,-19.58502,-34.7947,correct,True
animals,10,Typical,goldfish,fish,amphibian,1.0,A goldfish is a type of,What kind of animal is a goldfish?,A goldfish is a type of,3,0.3016273,204,[394.72735595703125],[464.57318115234375],4881,"[383.7139587402344, 440.752685546875]","[457.74420166015625, 460.8984375]",-15.7852,-14.112673,incorrect,False,-15.7852,-28.225346,correct,True,-15.7852,-26.798515,correct,True
animals,10,Typical,goldfish,fish,amphibian,1.0,A goldfish is a type of,What kind of animal is a goldfish?,A goldfish is a type of,4,0.87505525,16,[443.3265686035156],[1067.0657958984375],1082,"[431.1500244140625, 489.7476806640625]","[1064.0550537109375, 1053.95703125]",-7.8040333,-11.17471,correct,True,-7.8040333,-22.34942,correct,True,-7.8040333,-19.980589,correct,True
animals,10,Typical,goldfish,fish,amphibian,1.0,A goldfish is a type of,What kind of animal is a goldfish?,A goldfish is a type of,5,7.4355507,1,[1076.98095703125],,328,"[1072.085205078125, 1060.71826171875]",,-2.7194638,-3.9721959,correct,True,-2.7194638,-7.9443917,correct,True,-2.7194638,-7.6152334,correct,True
animals,11,Typical,shark,fish,mammal,0.8333333333,A shark is a type of,What kind of animal is a shark?,A shark is a type of,0,2.2145216,30846,[410.80181884765625],[332.59210205078125],6163,"[422.8561096191406, 439.3970642089844]","[328.5075988769531, 398.6628112792969]",-35.06211,-26.35889,incorrect,False,-35.06211,-52.71778,correct,True,-35.06211,-23.00782,incorrect,False
animals,11,Typical,shark,fish,mammal,0.8333333333,A shark is a type of,What kind of animal is a shark?,A shark is a type of,1,1.1227845,15303,[362.46856689453125],[426.37762451171875],3965,"[369.4454345703125, 435.0655517578125]","[425.6162109375, 435.01708984375]",-28.922981,-25.194567,incorrect,False,-28.922981,-50.389133,correct,True,-28.922981,-21.946114,incorrect,False
animals,11,Typical,shark,fish,mammal,0.8333333333,A shark is a type of,What kind of animal is a shark?,A shark is a type of,2,1.5219073,3974,[397.1265869140625],[384.56719970703125],1162,"[401.2812805175781, 447.4886474609375]","[370.4732971191406, 402.64501953125]",-20.087412,-18.00584,incorrect,False,-20.087412,-36.01168,correct,True,-20.087412,-15.932718,incorrect,False
animals,11,Typical,shark,fish,mammal,0.8333333333,A shark is a type of,What kind of animal is a shark?,A shark is a type of,3,0.622931,229,[389.7244873046875],[450.60992431640625],1434,"[384.1008605957031, 454.7611999511719]","[442.73663330078125, 413.47418212890625]",-15.994027,-16.346539,correct,True,-15.994027,-32.693077,correct,True,-15.994027,-21.617653,correct,True
animals,11,Typical,shark,fish,mammal,0.8333333333,A shark is a type of,What kind of animal is a shark?,A shark is a type of,4,1.1737486,84,[430.09161376953125],[1066.01611328125],1738,"[420.8525085449219, 476.177734375]","[1065.379150390625, 1049.72607421875]",-11.346575,-10.292941,incorrect,False,-11.346575,-20.585882,correct,True,-11.346575,-20.58568,correct,True
animals,11,Typical,shark,fish,mammal,0.8333333333,A shark is a type of,What kind of animal is a shark?,A shark is a type of,5,7.7159486,2,[1076.11328125],,56,"[1073.8009033203125, 1051.8980712890625]",,-3.9032512,-3.1178555,incorrect,False,-3.9032512,-6.235711,correct,True,-3.9032512,-6.215629,correct,True
animals,12,Typical,dog,mammal,insect,0.9814814815,A dog is a type of,What kind of animal is a dog?,A dog is a type of,0,2.3045175,6371,"[421.20703125, 448.8717041015625]","[334.0295715332031, 388.54791259765625]",33573,[408.28448486328125],[336.3202209472656],-23.955997,-36.01564,correct,True,-47.911995,-36.01564,incorrect,False,-23.093096,-36.01564,correct,True
animals,12,Typical,dog,mammal,insect,0.9814814815,A dog is a type of,What kind of animal is a dog?,A dog is a type of,1,0.6825157,3278,"[371.5818176269531, 441.42144775390625]","[429.15655517578125, 437.38372802734375]",16865,[363.1178283691406],[422.825439453125],-24.109928,-30.198633,correct,True,-48.219856,-30.198633,incorrect,False,-21.734644,-30.198633,correct,True
animals,12,Typical,dog,mammal,insect,0.9814814815,A dog is a type of,What kind of animal is a dog?,A dog is a type of,2,2.5731273,469,"[405.43695068359375, 453.6274719238281]","[388.59185791015625, 414.67822265625]",8353,[395.4378356933594],[403.7153015136719],-14.9351635,-22.67287,correct,True,-29.870327,-22.67287,incorrect,False,-12.673757,-22.67287,correct,True
animals,12,Typical,dog,mammal,insect,0.9814814815,A dog is a type of,What kind of animal is a dog?,A dog is a type of,3,0.6039982,1306,"[402.39947509765625, 466.0088195800781]","[448.71697998046875, 412.7728271484375]",1016,[403.3236999511719],[443.4236145019531],-15.507307,-21.38939,correct,True,-31.014614,-21.38939,incorrect,False,-22.313616,-21.38939,incorrect,False
animals,12,Typical,dog,mammal,insect,0.9814814815,A dog is a type of,What kind of animal is a dog?,A dog is a type of,4,2.3317175,1535,"[438.2509765625, 487.023193359375]","[1063.281005859375, 1047.01708984375]",3190,[435.37103271484375],[1064.276611328125],-8.978836,-20.83649,correct,True,-17.957672,-20.83649,correct,True,-17.956547,-20.83649,correct,True
animals,12,Typical,dog,mammal,insect,0.9814814815,A dog is a type of,What kind of animal is a dog?,A dog is a type of,5,7.9376917,162,"[1073.572021484375, 1051.434326171875]",,75,[1074.041748046875],,-3.5739024,-6.6437225,correct,True,-7.1478047,-6.6437225,incorrect,False,-7.113449,-6.6437225,incorrect,False
animals,13,Typical,rabbit,mammal,reptile,0.962962963,A rabbit is a type of,What kind of animal is a rabbit?,A rabbit is a type of,0,2.0992436,7348,"[421.8928527832031, 442.21771240234375]","[328.328125, 382.1032409667969]",25608,"[412.689453125, 420.93133544921875]","[328.3128356933594, 358.4648132324219]",-26.136238,-30.54833,correct,True,-52.272476,-61.09666,correct,True,-24.29471,-33.49811,correct,True
animals,13,Typical,rabbit,mammal,reptile,0.962962963,A rabbit is a type of,What kind of animal is a rabbit?,A rabbit is a type of,1,2.1726098,4046,"[366.9576416015625, 427.36163330078125]","[428.396484375, 429.91217041015625]",15213,"[359.98382568359375, 401.26953125]","[413.93255615234375, 459.30047607421875]",-25.179964,-31.217384,correct,True,-50.35993,-62.43477,correct,True,-20.659298,-27.633114,correct,True
animals,13,Typical,rabbit,mammal,reptile,0.962962963,A rabbit is a type of,What kind of animal is a rabbit?,A rabbit is a type of,2,1.9480332,423,"[401.8175964355469, 438.4625549316406]","[380.30072021484375, 420.02691650390625]",19296,"[387.1884765625, 437.0552978515625]","[393.687255859375, 377.4699401855469]",-15.294156,-23.342838,correct,True,-30.588312,-46.685677,correct,True,-12.6994705,-27.32859,correct,True
animals,13,Typical,rabbit,mammal,reptile,0.962962963,A rabbit is a type of,What kind of animal is a rabbit?,A rabbit is a type of,3,0.32959515,2429,"[392.12933349609375, 453.9249572753906]","[427.108642578125, 403.7156677246094]",7820,"[387.0461120605469, 429.8199462890625]","[426.99664306640625, 451.01837158203125]",-18.138546,-25.58816,correct,True,-36.277092,-51.17632,correct,True,-23.94673,-29.029951,correct,True
animals,13,Typical,rabbit,mammal,reptile,0.962962963,A rabbit is a type of,What kind of animal is a rabbit?,A rabbit is a type of,4,1.5806208,1815,"[415.96142578125, 470.6842041015625]","[1063.671875, 1048.186279296875]",4126,"[412.51580810546875, 471.119140625]","[1062.1552734375, 1051.565673828125]",-10.449156,-15.2561,correct,True,-20.898312,-30.5122,correct,True,-20.896936,-24.342554,correct,True
animals,13,Typical,rabbit,mammal,reptile,0.962962963,A rabbit is a type of,What kind of animal is a rabbit?,A rabbit is a type of,5,7.9325395,63,"[1073.571533203125, 1051.4034423828125]",,826,"[1071.4876708984375, 1061.65673828125]",,-3.227048,-4.4182854,correct,True,-6.454096,-8.836571,correct,True,-6.3447304,-8.428593,correct,True
animals,14,Typical,cat,mammal,reptile,0.9907407407,A cat is a type of,What kind of animal is a cat?,A cat is a type of,0,2.3276522,6334,"[423.98870849609375, 450.8367919921875]","[330.2456970214844, 377.99176025390625]",27829,"[413.54071044921875, 427.70904541015625]","[332.4801940917969, 369.64410400390625]",-25.014708,-30.885899,correct,True,-50.029415,-61.771797,correct,True,-22.93708,-33.38508,correct,True
animals,14,Typical,cat,mammal,reptile,0.9907407407,A cat is a type of,What kind of animal is a cat?,A cat is a type of,1,1.4442383,3646,"[371.1171875, 436.19329833984375]","[428.3155822753906, 440.1510314941406]",13071,"[364.7552490234375, 413.3763427734375]","[416.1173400878906, 462.81744384765625]",-25.154518,-31.035324,correct,True,-50.309036,-62.07065,correct,True,-21.6794,-28.041338,correct,True
animals,14,Typical,cat,mammal,reptile,0.9907407407,A cat is a type of,What kind of animal is a cat?,A cat is a type of,2,1.0466751,663,"[404.0673828125, 451.12603759765625]","[378.1505126953125, 414.87744140625]",16720,"[391.39715576171875, 448.3661193847656]","[389.61407470703125, 374.57501220703125]",-16.571758,-22.528717,correct,True,-33.143517,-45.057434,correct,True,-14.701441,-27.371668,correct,True
animals,14,Typical,cat,mammal,reptile,0.9907407407,A cat is a type of,What kind of animal is a cat?,A cat is a type of,3,0.34412456,3085,"[392.73004150390625, 464.22650146484375]","[437.13653564453125, 407.97149658203125]",7865,"[388.5032958984375, 439.44140625]","[438.92254638671875, 450.36956787109375]",-18.103352,-23.583431,correct,True,-36.206703,-47.166862,correct,True,-25.243975,-29.47072,correct,True
animals,14,Typical,cat,mammal,reptile,0.9907407407,A cat is a type of,What kind of animal is a cat?,A cat is a type of,4,1.6943471,2179,"[424.07525634765625, 482.27490234375]","[1063.65478515625, 1050.54345703125]",3157,"[422.5631103515625, 483.8270568847656]","[1062.6915283203125, 1048.841796875]",-10.251245,-12.2069,correct,True,-20.50249,-24.4138,correct,True,-20.501034,-22.01318,correct,True
animals,14,Typical,cat,mammal,reptile,0.9907407407,A cat is a type of,What kind of animal is a cat?,A cat is a type of,5,8.190206,91,"[1074.019775390625, 1052.94677734375]",,468,"[1072.89697265625, 1059.956298828125]",,-3.4214926,-4.0091486,correct,True,-6.842985,-8.018297,correct,True,-6.8020406,-7.9248433,correct,True
animals,15,Typical,rattlesnake,reptile,amphibian,0.75,A rattlesnake is a type of,What kind of animal is a rattlesnake?,A rattlesnake is a type of,0,1.527233,27878,"[405.072998046875, 415.43072509765625]","[347.32574462890625, 369.67523193359375]",45471,"[395.559326171875, 397.6323547363281]","[342.3302307128906, 385.60504150390625]",-29.621605,-28.561474,incorrect,False,-59.24321,-57.122948,incorrect,False,-32.809433,-42.323105,correct,True
animals,15,Typical,rattlesnake,reptile,amphibian,0.75,A rattlesnake is a type of,What kind of animal is a rattlesnake?,A rattlesnake is a type of,1,1.7704234,11322,"[369.32672119140625, 401.6527099609375]","[415.77947998046875, 472.8447265625]",36972,"[358.48492431640625, 392.75238037109375]","[408.00335693359375, 476.6109619140625]",-29.349318,-23.751656,incorrect,False,-58.698635,-47.50331,incorrect,False,-26.578571,-37.42037,correct,True
animals,15,Typical,rattlesnake,reptile,amphibian,0.75,A rattlesnake is a type of,What kind of animal is a rattlesnake?,A rattlesnake is a type of,2,2.4664528,13949,"[393.5360107421875, 443.3214111328125]","[385.34368896484375, 381.5257568359375]",43750,"[381.12884521484375, 436.85009765625]","[394.37750244140625, 395.074462890625]",-23.3958,-24.350456,correct,True,-46.7916,-48.700912,correct,True,-25.635906,-38.04307,correct,True
animals,15,Typical,rattlesnake,reptile,amphibian,0.75,A rattlesnake is a type of,What kind of animal is a rattlesnake?,A rattlesnake is a type of,3,0.2794736,5264,"[387.54400634765625, 438.35333251953125]","[418.0279846191406, 468.03546142578125]",12511,"[382.9419250488281, 440.53350830078125]","[415.0955810546875, 460.81610107421875]",-23.449333,-17.528538,incorrect,False,-46.898666,-35.057076,incorrect,False,-27.266275,-31.868357,correct,True
animals,15,Typical,rattlesnake,reptile,amphibian,0.75,A rattlesnake is a type of,What kind of animal is a rattlesnake?,A rattlesnake is a type of,4,2.2857883,1949,"[407.3057556152344, 491.46600341796875]","[1065.64306640625, 1054.765869140625]",6488,"[402.1390686035156, 487.21588134765625]","[1064.7821044921875, 1056.5018310546875]",-10.475992,-16.569832,correct,True,-20.951984,-33.139664,correct,True,-18.371761,-23.538448,correct,True
animals,15,Typical,rattlesnake,reptile,amphibian,0.75,A rattlesnake is a type of,What kind of animal is a rattlesnake?,A rattlesnake is a type of,5,8.232957,340,"[1073.47802734375, 1065.1102294921875]",,1929,"[1071.8233642578125, 1062.7252197265625]",,-3.9327664,-5.0690665,correct,True,-7.865533,-10.138133,correct,True,-7.6013045,-9.255968,correct,True
animals,16,Typical,salmon,fish,mammal,0.9722222222,A salmon is a type of,What kind of animal is a salmon?,A salmon is a type of,0,2.4654624,28344,[408.8499755859375],[339.7884826660156],5957,"[420.7047119140625, 439.4222412109375]","[335.3599853515625, 383.4207763671875]",-35.51379,-24.526264,incorrect,False,-35.51379,-49.05253,correct,True,-35.51379,-23.659052,incorrect,False
animals,16,Typical,salmon,fish,mammal,0.9722222222,A salmon is a type of,What kind of animal is a salmon?,A salmon is a type of,1,1.5661333,12833,[364.1307373046875],[430.00836181640625],3691,"[370.4046630859375, 425.14996337890625]","[431.825927734375, 433.6334228515625]",-27.446955,-24.98323,incorrect,False,-27.446955,-49.96646,correct,True,-27.446955,-21.173029,incorrect,False
animals,16,Typical,salmon,fish,mammal,0.9722222222,A salmon is a type of,What kind of animal is a salmon?,A salmon is a type of,2,2.2146792,2801,[401.53436279296875],[387.9437255859375],447,"[407.0877380371094, 439.7080078125]","[365.39581298828125, 417.67498779296875]",-17.943087,-15.771954,incorrect,False,-17.943087,-31.543907,correct,True,-17.943087,-12.38971,incorrect,False
animals,16,Typical,salmon,fish,mammal,0.9722222222,A salmon is a type of,What kind of animal is a salmon?,A salmon is a type of,3,0.47124708,89,[397.0235595703125],[454.90838623046875],2658,"[386.3073425292969, 456.0936584472656]","[442.4894714355469, 407.697021484375]",-13.219147,-17.549137,correct,True,-13.219147,-35.098274,correct,True,-13.219147,-23.935364,correct,True
animals,16,Typical,salmon,fish,mammal,0.9722222222,A salmon is a type of,What kind of animal is a salmon?,A salmon is a type of,4,0.7782073,9,[437.68695068359375],[1065.902099609375],2341,"[421.601318359375, 469.1497802734375]","[1064.157958984375, 1052.8023681640625]",-5.4919653,-10.791047,correct,True,-5.4919653,-21.582094,correct,True,-5.4919653,-21.577599,correct,True
animals,16,Typical,salmon,fish,mammal,0.9722222222,A salmon is a type of,What kind of animal is a salmon?,A salmon is a type of,5,7.0526066,2,[1077.1158447265625],,368,"[1072.199462890625, 1049.0093994140625]",,-2.8415346,-3.9087112,correct,True,-2.8415346,-7.8174224,correct,True,-2.8415346,-7.7579165,correct,True
animals,17,Typical,lion,mammal,fish,0.9907407407,A lion is a type of,What kind of animal is a lion?,A lion is a type of,0,2.2392097,6251,"[423.0621032714844, 444.795654296875]","[325.611572265625, 387.1889953613281]",31245,[411.5826416015625],[332.8747253417969],-24.039673,-33.787014,correct,True,-48.079346,-33.787014,incorrect,False,-22.307554,-33.787014,correct,True
animals,17,Typical,lion,mammal,fish,0.9907407407,A lion is a type of,What kind of animal is a lion?,A lion is a type of,1,1.6156662,5884,"[368.79718017578125, 435.9959716796875]","[425.96343994140625, 428.2739562988281]",13577,[364.37176513671875],[422.7059326171875],-24.851799,-27.270271,correct,True,-49.703598,-27.270271,incorrect,False,-22.844856,-27.270271,correct,True
animals,17,Typical,lion,mammal,fish,0.9907407407,A lion is a type of,What kind of animal is a lion?,A lion is a type of,2,1.3301711,1511,"[400.89117431640625, 444.826904296875]","[379.4847412109375, 422.75726318359375]",6816,[395.58880615234375],[393.984130859375],-18.54089,-22.71044,correct,True,-37.08178,-22.71044,incorrect,False,-17.408072,-22.71044,correct,True
animals,17,Typical,lion,mammal,fish,0.9907407407,A lion is a type of,What kind of animal is a lion?,A lion is a type of,3,0.156791,2452,"[390.77825927734375, 463.8626708984375]","[457.02642822265625, 431.7333984375]",652,[395.25933837890625],[463.2028503417969],-17.269444,-19.199364,correct,True,-34.538887,-19.199364,incorrect,False,-23.680443,-19.199364,incorrect,False
animals,17,Typical,lion,mammal,fish,0.9907407407,A lion is a type of,What kind of animal is a lion?,A lion is a type of,4,2.2720876,3554,"[435.9004211425781, 496.95550537109375]","[1064.67822265625, 1050.0029296875]",417,[443.3141784667969],[1065.284912109375],-10.360458,-13.306467,correct,True,-20.720917,-13.306467,incorrect,False,-20.720224,-13.306467,incorrect,False
animals,17,Typical,lion,mammal,fish,0.9907407407,A lion is a type of,What kind of animal is a lion?,A lion is a type of,5,7.598228,198,"[1072.947021484375, 1053.6558837890625]",,13,[1074.86181640625],,-3.6335008,-5.245764,correct,True,-7.2670016,-5.245764,incorrect,False,-7.1605587,-5.245764,incorrect,False
animals,18,Typical,horse,mammal,bird,0.9814814815,A horse is a type of,What kind of animal is a horse?,A horse is a type of,0,2.0541124,6375,"[422.55780029296875, 445.4645080566406]","[327.928466796875, 381.42059326171875]",10266,[420.0264892578125],[330.8603210449219],-24.405666,-25.809416,correct,True,-48.811333,-25.809416,incorrect,False,-23.278105,-25.809416,correct,True
animals,18,Typical,horse,mammal,bird,0.9814814815,A horse is a type of,What kind of animal is a horse?,A horse is a type of,1,1.2444807,3571,"[368.43072509765625, 432.0973815917969]","[430.50384521484375, 451.50238037109375]",3635,[368.37017822265625],[425.9798889160156],-24.452608,-21.483324,incorrect,False,-48.905216,-21.483324,incorrect,False,-21.422777,-21.483324,correct,True
animals,18,Typical,horse,mammal,bird,0.9814814815,A horse is a type of,What kind of animal is a horse?,A horse is a type of,2,2.523294,1085,"[404.02056884765625, 456.4866027832031]","[381.84686279296875, 400.34796142578125]",3074,[400.582275390625],[393.61309814453125],-17.484882,-18.641142,correct,True,-34.969765,-18.641142,incorrect,False,-15.202848,-18.641142,correct,True
animals,18,Typical,horse,mammal,bird,0.9814814815,A horse is a type of,What kind of animal is a horse?,A horse is a type of,3,0.23094994,2985,"[395.64971923828125, 461.92230224609375]","[451.5334167480469, 425.56060791015625]",694,[400.674560546875],[455.4263916015625],-18.685148,-21.581612,correct,True,-37.370296,-21.581612,incorrect,False,-26.606453,-21.581612,incorrect,False
animals,18,Typical,horse,mammal,bird,0.9814814815,A horse is a type of,What kind of animal is a horse?,A horse is a type of,4,2.8547382,5146,"[436.46209716796875, 488.94921875]","[1065.045166015625, 1050.1632080078125]",1062,[442.8995666503906],[1065.796630859375],-11.483226,-16.52575,correct,True,-22.966452,-16.52575,incorrect,False,-22.963219,-16.52575,incorrect,False
animals,18,Typical,horse,mammal,bird,0.9814814815,A horse is a type of,What kind of animal is a horse?,A horse is a type of,5,7.5769835,928,"[1071.863525390625, 1050.8275146484375]",,99,[1073.754638671875],,-4.3304906,-6.6977763,correct,True,-8.660981,-6.6977763,incorrect,False,-8.58889,-6.6977763,incorrect,False
animals,19,Typical,sparrow,bird,mammal,1.0,A sparrow is a type of,What kind of animal is a sparrow?,A sparrow is a type of,0,2.0425239,10159,[415.99420166015625],[336.5585632324219],5758,"[418.95098876953125, 439.8857421875]","[332.18682861328125, 374.67376708984375]",-25.635109,-23.406307,incorrect,False,-25.635109,-46.812614,correct,True,-25.635109,-22.678335,incorrect,False
animals,19,Typical,sparrow,bird,mammal,1.0,A sparrow is a type of,What kind of animal is a sparrow?,A sparrow is a type of,1,2.016225,2976,[370.28900146484375],[421.96893310546875],3444,"[369.70916748046875, 420.1688232421875]","[429.25390625, 441.0595703125]",-19.595407,-23.162083,correct,True,-19.595407,-46.324165,correct,True,-19.595407,-20.175283,correct,True
animals,19,Typical,sparrow,bird,mammal,1.0,A sparrow is a type of,What kind of animal is a sparrow?,A sparrow is a type of,2,1.9493164,4181,[398.3564453125],[376.8627624511719],897,"[403.28887939453125, 439.3199462890625]","[360.57147216796875, 412.602294921875]",-19.771324,-16.502808,incorrect,False,-19.771324,-33.005615,correct,True,-19.771324,-14.838852,incorrect,False
animals,19,Typical,sparrow,bird,mammal,1.0,A sparrow is a type of,What kind of animal is a sparrow?,A sparrow is a type of,3,0.8062354,1198,[385.71331787109375],[419.686767578125],6626,"[379.09710693359375, 451.8509216308594]","[410.27471923828125, 404.1159973144531]",-19.253166,-18.23613,incorrect,False,-19.253166,-36.47226,correct,True,-19.253166,-25.869345,correct,True
animals,19,Typical,sparrow,bird,mammal,1.0,A sparrow is a type of,What kind of animal is a sparrow?,A sparrow is a type of,4,2.1314192,846,[406.00750732421875],[1065.3953857421875],12601,"[394.4936828613281, 465.4773864746094]","[1065.343505859375, 1051.1236572265625]",-16.12915,-13.825761,incorrect,False,-16.12915,-27.651522,correct,True,-16.12915,-27.64295,correct,True
animals,19,Typical,sparrow,bird,mammal,1.0,A sparrow is a type of,What kind of animal is a sparrow?,A sparrow is a type of,5,8.213703,46,[1074.553466796875],,1047,"[1072.309326171875, 1051.2659912109375]",,-6.3696294,-4.460488,incorrect,False,-6.3696294,-8.920976,correct,True,-6.3696294,-8.613779,correct,True
