entity,correct,incorrect,model,item_id,condition,output_entropy,midpoint_entropy,output_rank_correct,midpoint_rank_correct,output_logprob_correct,midpoint_logprob_correct,output_logprobdiff,midpoint_logprobdiff,auc_entropy,layer_biggest_change_entropy,twostage_magnitude,twostage_magnitude_latter34,twostage_layer,auc_rank_correct,layer_biggest_change_rank_correct,auc_logprob_correct,layer_biggest_change_logprob_correct,auc_logprobdiff_pos,auc_logprobdiff_neg,layer_biggest_change_logprobdiff,auc_boosting_pos,auc_boosting_neg,layer_argmax_boosting
Australia,Canberra,Sydney,Llama-2-13b-hf,1,has_competitor,4.4570684,4.808482,1.0,0.029411764705882353,-1.5291243,-5.8419156,2.5684826999999997,-3.74477,187.3579372,15,5.4512203,5.4512203,0.725,13.336825009176232,27,182.80497329999997,1,74.3538472,38.108292000000006,27,110.69986223665464,73.73996557516737,35
Brazil,Brasilia,Rio de Janeiro,Llama-2-13b-hf,2,has_competitor,4.7704687,4.596788,0.2,0.003937007874015748,-3.3304672,-8.347641,-0.06900860000000009,-1.715439299999999,206.0830042,11,3.5859303999999987,3.5811174,1.0,2.9468734201994824,25,327.629426,15,9.54693,49.455045,7,35.15405380303425,32.26860264552898,24
Canada,Ottawa,Toronto,Llama-2-13b-hf,3,has_competitor,4.6833816,4.5709643,1.0,0.02040816326530612,-1.4631164,-6.3592014,4.031935000000001,-3.8961834,194.6369833,15,5.252932599999999,5.252932599999999,0.6,12.582131092647238,38,249.36492538000002,15,80.68797142,44.650822000000005,19,84.95623717745016,32.906005388141395,31
India,New Delhi,Mumbai,Llama-2-13b-hf,4,has_competitor,4.8071804,5.4009,1.0,0.047619047619047616,-2.1762867,-5.160825,5.5261297,2.180664,215.65083149999998,31,3.4403367000000005,1.3208694000000003,0.325,5.359340787472737,32,232.3719216,0,84.09809840000003,12.7646486,2,99.95246081599059,19.492394183164226,31
Morrocco,Rabat,Marrakesh,Llama-2-13b-hf,5,has_competitor,5.009427,4.957938,0.3333333333333333,0.0010416666666666667,-2.684,-9.802717,0.8462315,-2.37395,204.9474043,27,5.7173739999999995,2.4441964,1.0,1.8525590532360683,38,325.0980312,3,5.6358262,66.5384195,3,49.33889805061991,49.73345219047251,22
New Zealand,Wellington,Auckland,Llama-2-13b-hf,6,has_competitor,4.494942,5.1661363,1.0,0.004273504273504274,-1.6412513,-8.107473,3.2462807000000002,-1.6992174000000002,180.46642884,32,4.380016,4.380016,0.6,12.802840881606908,26,229.34791518,26,66.09568872,53.883990299999994,32,124.91871294291583,62.5394766610996,32
Pakistan,Islamabad,Karachi,Llama-2-13b-hf,7,has_competitor,4.542474,6.09468,1.0,0.009174311926605505,-1.35702,-7.1129055,4.267231000000001,-0.4968975000000002,216.0616703,30,1.1778330000000015,1.0148779999999995,0.6,8.927930508159298,30,238.2585206,15,58.077708200000004,8.0490271,30,99.85154889055548,29.385285551551203,30
South Africa,Pretoria,Johannesburg,Llama-2-13b-hf,8,has_competitor,4.741691,4.372374,0.09090909090909091,0.002,-4.407199,-9.355888,-1.1672824000000004,-4.5120417,199.5590512,11,4.964498,4.964498,1.0,0.6241019435034738,33,303.2217582,0,66.93354429999998,82.82938499999999,0,105.78471237872154,111.15392294293733,35
Switzerland,Bern,Zurich,Llama-2-13b-hf,9,has_competitor,4.7587576,5.28646,0.2,0.0019305019305019305,-3.0559065,-8.971498,1.2665104999999999,-2.8695780000000006,203.55274719999997,22,5.9071081,5.9071081,0.85,1.4113020671537202,37,316.6533835,23,32.48135099999999,48.856721300000004,7,54.05292569734334,54.65323834925577,37
Turkey,Ankara,Istanbul,Llama-2-13b-hf,10,has_competitor,4.5924997,4.9739237,0.5,0.05,-2.3259015,-5.174951,1.0293065000000001,0.03111469999999983,201.4610423,16,3.9077614999999994,2.5697616,0.9,5.416360777840524,34,226.44393712,34,47.25792748,27.1985036,7,119.86589072042327,86.70264988170945,34
United Arab Emirates,Abu Dhabi,Dubai,Llama-2-13b-hf,11,has_competitor,4.3477044,5.099619,1.0,0.017241379310344827,-1.7243537,-6.366209,1.6992748999999998,-1.7652205999999993,187.29026136,33,3.5507315,3.5507315,0.725,10.797950027455911,27,225.487279785,33,48.86562821500001,21.651271899999994,33,120.17761740996693,64.59404769197339,33
Alabama,Montgomery,Birmingham,Llama-2-13b-hf,12,has_competitor,4.139369,4.7381954,1.0,0.0019455252918287938,-1.5047098,-9.218173,2.7488081999999996,-3.1241026000000005,198.8587846,11,4.623699,4.623699,0.875,2.274833097172972,38,311.9980784,1,10.651437000000001,87.78629040000001,37,54.744672607499126,43.39901439497274,37
Alaska,Juneau,Anchorage,Llama-2-13b-hf,13,has_competitor,4.7171936,5.107634,1.0,0.0014619883040935672,-2.0847752,-9.411627,1.5179204999999998,-4.7418214999999995,211.6591237,12,6.6596815000000005,6.6596815000000005,0.975,2.5191942985312177,37,311.8904077,29,9.282123299999999,112.3391714,37,62.57991000841086,94.33854345768445,37
California,Sacramento,Los Angeles,Llama-2-13b-hf,14,has_competitor,4.80943,5.006053,0.3333333333333333,0.017241379310344827,-2.5335696,-6.455604,3.5540484,-2.6931168000000003,208.4861935,11,4.304544300000001,3.816558399999999,0.6,8.880309610977367,31,246.07068800000002,15,61.668348900000005,47.9912944,11,84.02348325000685,28.823424354619082,26
Connecticut,Hartford,Bridgeport,Llama-2-13b-hf,15,has_competitor,4.0419445,5.624322,1.0,0.02040816326530612,-1.1602197,-6.3038425,7.4558483,3.5667845000000007,183.9283715,20,0.08790100000000045,0.08790100000000045,0.3,18.593790780199207,21,210.55010811,20,216.70664389,0.1309559999999994,31,131.90363731687208,17.095722999192603,31
Delaware,Dover,Wilmington,Llama-2-13b-hf,16,has_competitor,3.6433153,5.8098536,1.0,0.05555555555555555,-1.0937204,-5.1970525,2.2916928,2.4588755000000004,190.64888526,34,4.1351107,4.1351107,0.9,7.589088105586251,34,188.69574511000002,34,107.85535558999999,30.89365923,34,126.33999002207142,73.66159865227688,34
Florida,Tallahassee,Jacksonville,Llama-2-13b-hf,17,has_competitor,4.5344834,4.7294064,1.0,0.007692307692307693,-2.0032494,-7.551991,3.4616053,1.7946710000000001,201.6008544,11,0.39239900000000016,0.39239900000000016,0.625,4.756723399024054,35,236.55699449999997,35,99.19659709999999,0.5207582999999998,33,126.61860450369781,55.76546401007692,35
Illinois,Springfield,Chicago,Llama-2-13b-hf,18,has_competitor,4.4775577,4.722987,0.16666666666666666,0.0020964360587002098,-3.1365955,-9.12805,-0.9709338999999999,-6.9073834000000005,200.7011334,17,11.0129925,11.0129925,1.0,0.7886821209039776,38,341.20050760000004,18,5.213053800000003,119.72362607000001,18,71.81758889329127,120.5396558883961,30
Kansas,Topeka,Wichita,Llama-2-13b-hf,19,has_competitor,4.506467,5.408248,0.5,0.004366812227074236,-2.0806503,-7.9506235,2.0504177,-1.1316365,199.55659065,22,2.6943379999999992,2.6943379999999992,0.6,6.9138593985338135,34,247.52361625199998,23,44.699198248,36.06264139999999,35,80.49853094259547,34.68188063611798,35
Kentucky,Frankfort,Louisville,Llama-2-13b-hf,20,has_competitor,4.594304,5.4256973,1.0,0.0007892659826361484,-2.0475268,-9.963776,0.5084,-3.0328459999999993,211.5280671,11,5.8985634000000005,5.8985634000000005,0.975,2.4730664047011057,38,336.23472719999995,15,7.759427400000002,100.06698069999999,37,63.68371268477737,67.62509077546072,37
Louisiana,Baton Rouge,New Orleans,Llama-2-13b-hf,21,has_competitor,4.592992,4.914297,0.25,0.001968503937007874,-2.6776323,-9.109503,-0.3839790999999999,-4.3441994,208.780392,11,6.388917900000001,6.388917900000001,1.0,1.7261918365262716,37,336.75244439999994,15,0.14981519999999993,126.38246919999999,15,40.74143339817552,83.33607518931784,25
Maine,Augusta,Portland,Llama-2-13b-hf,22,has_competitor,4.193265,5.3451138,1.0,0.003134796238244514,-1.7805239,-8.39175,0.34905410000000003,-3.2584929999999996,201.13395630000002,20,7.602980200000001,7.602980200000001,0.975,2.679925419104178,37,288.57959089999997,37,41.8787837,85.5822557,37,63.73355268184066,81.46688108676675,37
Maryland,Annapolis,Baltimore,Llama-2-13b-hf,23,has_competitor,4.402998,4.936081,1.0,0.005747126436781609,-1.7734436,-7.8549714,1.2173386999999998,-3.7401294,198.18890270000003,11,5.406647,5.406647,0.775,5.833537978318282,33,276.40615379999997,31,51.20794939999999,43.2306811,23,81.6078306848993,87.62221884194572,36
Michigan,Lansing,Detroit,Llama-2-13b-hf,24,has_competitor,4.518204,5.334815,0.5,0.004739336492890996,-2.0552394,-7.8809147,1.8740720999999998,-3.3602381,211.16693659999999,22,6.422869950000001,6.422869950000001,0.85,2.452912165609521,38,248.2196088,0,60.869497900000006,36.95900595000001,23,114.50506860131978,105.47453235207769,36
Minnesota,St. Paul,Minneapolis,Llama-2-13b-hf,25,has_competitor,4.4894166,5.1806264,0.25,0.009708737864077669,-2.8616838,-6.9740944,-0.4123096000000004,-0.024643000000000193,202.602525,23,6.0785121,6.0785121,1.0,1.2411381419302556,38,272.1328345,38,27.213484500000007,57.657397,35,61.18773804662378,88.01653192289827,35
Montana,Helena,Billings,Llama-2-13b-hf,26,has_competitor,4.364437,5.7157984,1.0,0.00021800741225201656,-1.5629836,-11.504613,2.9886474000000005,-2.3873510000000007,199.3030368,33,2.550426999999999,2.550426999999999,0.55,4.957415482692868,33,292.17973725499996,33,81.90757044499999,14.294665499999997,33,106.96219620726492,27.52220274203417,33
Nebraska,Lincoln,Omaha,Llama-2-13b-hf,27,has_competitor,3.9630446,5.574172,1.0,0.003355704697986577,-1.3138899,-8.269666,1.7373954,-1.370924800000001,207.2255272,11,6.629334000000001,6.629334000000001,0.975,3.4469338641512026,38,297.27202009999996,20,9.418719900000001,84.87334319999998,18,80.64649849676726,84.60425755018028,31
Nevada,Carson City,Las Vegas,Llama-2-13b-hf,28,has_competitor,4.604971,5.1770782,0.5,0.011904761904761904,-2.2309115,-6.9159503,0.8704060999999998,-1.5886403000000007,190.4360635,20,8.7705053,8.7705053,0.875,4.9693093445239676,33,250.01447206,33,45.473556939999995,80.86770204,33,117.00682351115921,118.07279414370458,33
New Hampshire,Concord,Manchester,Llama-2-13b-hf,29,has_competitor,4.2344255,6.0376906,1.0,0.0034129692832764505,-1.3904836,-8.143993,2.9542229,-1.4209147,197.79082353999996,32,1.424347,1.424347,0.6,8.80235530852876,32,244.211784995,27,110.91513910500001,6.027351899999999,32,112.59304453413708,37.73828183462724,32
New Jersey,Trenton,Newark,Llama-2-13b-hf,30,has_competitor,4.1168194,5.1555834,1.0,0.00048661800486618007,-1.2414562,-10.694367,2.8986061000000003,-7.140376399999999,196.6389236,21,8.571253239999999,8.571253239999999,0.775,7.803884703487346,31,283.88578446,27,26.38286324,125.63690854,27,83.96220135295034,82.48748893981927,27
New Mexico,Santa Fe,Albuquerque,Llama-2-13b-hf,31,has_competitor,4.5066175,5.0316763,1.0,0.0017730496453900709,-1.8060919,-9.136118,2.1012839000000003,-2.268491,200.5171423,20,5.362469,5.147267,0.85,3.6649099155915605,38,292.5998271,20,9.572787400000001,65.8124355,20,71.57382542996427,62.87473623317014,33
New York,Albany,New York,Llama-2-13b-hf,32,has_competitor,4.969407,5.189634,1.0,0.007462686567164179,-2.0831337,-7.4625635,0.6962193999999999,-4.8390845,233.8969876,26,4.8390845,4.8390845,0.975,4.753484142373129,38,276.0797907,16,2.0417240000000003,98.62954110000003,27,45.22396048110072,75.99033771440602,25
North Carolina,Raleigh,Charlotte,Llama-2-13b-hf,33,has_competitor,4.525672,4.8403454,0.3333333333333333,0.005988023952095809,-2.2708056,-7.770631,2.8609406999999996,-1.5184322999999997,199.3630432,11,3.8071171999999995,3.8071171999999995,0.85,5.457825745168684,33,232.10962174000002,27,67.90658245999998,28.1275902,32,144.71487067435976,103.18353840589465,33
North Dakota,Bismarck,Fargo,Llama-2-13b-hf,34,has_competitor,3.953837,6.0019894,1.0,0.02040816326530612,-1.1976445,-6.26612,4.5715148,1.0621995000000002,203.97445812,35,0.7384840000000006,0.7384840000000006,0.75,6.635250867121112,35,205.44194919300003,35,53.294908207,3.184337300000002,35,76.9270228048505,21.340487423861507,35
Oregon,Salem,Portland,Llama-2-13b-hf,35,has_competitor,4.6501412,5.252018,0.25,0.004081632653061225,-2.948175,-8.105289,-0.761571,-3.335854000000001,199.96576703,21,9.29780626,9.29780626,1.0,1.7810905858062207,34,262.7976959,1,45.94596150000001,93.87227019999997,1,90.0799245631199,103.49171531926932,34
Pennsylvania,Harrisburg,Philadelphia,Llama-2-13b-hf,36,has_competitor,4.525099,4.7728724,0.3333333333333333,0.02564102564102564,-2.453701,-6.2347965,1.6360965000000003,0.28410009999999986,202.3954664,11,3.291503,3.291503,0.7,3.6455282279848165,31,275.9561544,25,23.6511254,23.179783,23,61.480109976100564,49.084997806610694,28
South Dakota,Pierre,Sioux Falls,Llama-2-13b-hf,37,has_competitor,4.547201,5.653452,0.5,0.0010799136069114472,-2.0745742,-9.468043,1.362943,-0.3619430000000001,211.2361707,12,3.467772,2.1213154000000003,0.8,2.7638815912285466,38,310.0018281,4,15.3103173,27.7783701,4,45.743503186481384,44.961820233179694,26
Texas,Austin,Houston,Llama-2-13b-hf,38,has_competitor,4.5948954,4.100959,0.3333333333333333,0.5,-2.3760543,-2.0306604,3.9454241000000003,1.0215053000000003,186.11226514999998,20,2.1861258999999995,2.1861258999999995,0.5,15.075453068424288,31,189.50603615,15,125.52503864999997,5.932244699999997,20,102.41394989116823,25.25944796407013,31
Vermont,Montpelier,Burlington,Llama-2-13b-hf,39,has_competitor,3.7365596,5.923805,1.0,0.003355704697986577,-1.0209789,-8.155791,3.8988046999999995,0.014937999999999008,210.052258,11,4.667991,4.667991,0.85,3.2553336683334027,38,284.8141065,1,27.8387624,19.6534719,28,79.80075897185768,49.61895859061873,37
Virginia,Richmond,Virginia Beach,Llama-2-13b-hf,40,has_competitor,4.820416,4.593092,0.3333333333333333,0.03571428571428571,-2.3295681,-5.8053217,3.0058783000000004,-0.5516214000000002,207.8653605,11,1.8454283,1.8454283,0.575,8.545455727895998,31,246.81727915,15,54.44500005,13.474196000000003,1,54.956746276899274,30.80248382729529,25
Washington,Olympia,Seattle,Llama-2-13b-hf,41,has_competitor,4.858656,3.5595796,0.3333333333333333,0.0037735849056603774,-2.8712945,-9.005387,0.13026209999999994,-4.763739300000001,195.36142698,20,6.236467,6.236467,0.925,1.344062541874262,38,322.88091810000003,0,3.932183599999997,69.52340910000001,1,48.72336558165431,72.21434145490906,26
Wisconsin,Madison,Milwaukee,Llama-2-13b-hf,42,has_competitor,4.07873,5.1870136,1.0,0.0035971223021582736,-1.2615626,-8.253246,3.6638037999999997,-0.1635200000000001,200.0095012,33,1.3239800000000006,1.3239800000000006,0.525,6.74864674390056,33,238.22200300999998,22,79.42736019000002,7.0472633,33,89.57892092877343,15.175040157011313,33
Austria,Vienna,Graz,Llama-2-13b-hf,43,no_competitor,4.3826275,4.421246,0.3333333333333333,0.013888888888888888,-2.5512571,-6.915411,7.836862900000001,3.468298,194.1199872,16,4.349463,4.128531000000001,0.425,3.096772023053166,38,299.78821370000003,15,126.67056079999999,45.0116175,15,134.23839355812254,35.42170622653778,21
Egypt,Cairo,Alexandria,Llama-2-13b-hf,44,no_competitor,4.751303,4.731634,0.3333333333333333,0.00847457627118644,-2.326146,-7.369269,5.024163400000001,0.8535875000000006,200.92317010000002,33,0.0,0.0,0.025,6.378032743670504,33,227.53681966000002,33,160.53618704000002,0.0,33,151.22604289186714,45.82708989119282,33
France,Paris,Marseille,Llama-2-13b-hf,45,no_competitor,4.6375446,3.813532,0.2,1.0,-3.331358,-1.2198821,7.003038,9.8899539,203.0294525,16,0.01922400000000124,0.0,0.1,8.86286001646839,15,216.3311276,15,254.79449840000004,0.01922400000000124,15,119.80521527436998,1.3947720640919896,31
Germany,Berlin,Hamburg,Llama-2-13b-hf,46,no_competitor,4.548551,4.665679,0.5,0.25,-2.142517,-2.7865796,6.010459000000001,4.4883118,203.53674230000001,16,3.7491495000000006,3.7491495000000006,0.425,6.86729861410249,31,240.0728558,15,129.3678872,20.6625323,15,110.72229860569722,14.054901172501161,31
Italy,Rome,Milan,Llama-2-13b-hf,47,no_competitor,4.3537025,4.4281073,0.5,0.09090909090909091,-1.9968972,-4.819741,5.8923798,4.351598,194.7963022,16,0.2462939999999989,0.2462939999999989,0.375,7.5214095657081685,31,235.2664878,15,167.5661367,0.2462939999999989,16,93.79450401349831,8.744578648640143,21
Japan,Tokyo,Yokohama,Llama-2-13b-hf,48,no_competitor,4.5060005,2.1894515,0.5,1.0,-2.225933,-0.45123032,6.005514,9.056572679999999,187.6069555,22,3.791594,2.821199000000001,0.375,15.055177579167601,17,196.63465192,15,161.76549088000002,29.3826205,15,157.07631033572827,40.39334030039423,15
Korea,Seoul,Busan,Llama-2-13b-hf,49,no_competitor,4.7623305,4.4771576,1.0,0.0030581039755351682,-1.9852806,-8.707925,5.7626754,0.11397499999999994,194.62132744000002,34,1.3407909999999994,0.35747199999999957,0.475,8.920318676689368,32,249.311449983,27,136.597886317,1.763469999999998,34,136.95977338801237,22.248308708718632,34
Russia,Moscow,Saint Petersburg,Llama-2-13b-hf,50,no_competitor,4.6129904,4.3747845,0.3333333333333333,0.14285714285714285,-2.3454895,-3.6537938,4.465282500000001,4.5138492,204.4807333,16,1.153462000000001,0.17255399999999987,0.35,6.149201928504571,22,227.7408387,15,138.7733557,2.623565000000003,15,112.94527510374303,26.70950693641298,24
Spain,Madrid,Barcelona,Llama-2-13b-hf,51,no_competitor,4.350487,4.138799,0.2,0.09090909090909091,-2.9720156,-4.331474,2.8461034,1.6114796,195.0111492,11,3.149825,0.8252430000000004,0.375,5.480828415427856,22,261.3974512,15,91.32737580000001,14.849837500000001,3,69.9141284335233,8.937617115378828,20
Sweden,Stockholm,Gothenburg,Llama-2-13b-hf,52,no_competitor,4.28011,4.3550916,1.0,0.02702702702702703,-1.5590906,-5.9976482,5.9540223999999995,5.3506018,195.55043750000002,16,0.0,0.0,0.025,10.681962461359634,38,233.3517847,15,209.34541480000001,0.0,15,108.36901513667695,9.392641151104504,31
United Kingdom,London,Birmingham,Llama-2-13b-hf,53,no_competitor,4.5593863,4.461947,1.0,1.0,-1.9334074,-1.617184,6.1674956000000005,5.65711,200.5979856,21,4.0561856,3.1600752000000005,0.425,15.333120714493608,16,180.3830148,15,129.85147419999998,26.947850700000007,15,131.436389641407,37.278063368409974,21
Arizona,Phoenix,Tucson,Llama-2-13b-hf,54,no_competitor,4.0697646,4.5622687,1.0,0.16666666666666666,-1.3491372,-3.7931232,6.4269278,3.0540953,185.2246438,21,7.160302000000001,6.704868,0.5,13.676820979033675,20,233.53408280000002,15,125.3666115,80.9731121,15,142.5384228008569,66.99739135426701,21
Colorado,Denver,Colorado Springs,Llama-2-13b-hf,55,no_competitor,4.506215,4.584642,1.0,0.2,-1.89807,-3.7202535,3.3947270000000005,1.2339785,183.42571654,31,0.6480575000000002,0.6480575000000002,0.45,16.44645374872442,20,179.59571409,20,109.73939871,0.9631915000000006,4,79.92577916859553,21.03217387040395,33
Georgia,Atlanta,Augusta,Llama-2-13b-hf,56,no_competitor,4.6640053,4.7269845,0.09090909090909091,0.030303030303030304,-4.1743135,-5.8016386,5.3913875,3.1387383999999994,199.2752501,11,3.7141230000000007,3.142856,0.375,4.41466910873374,22,265.6608091,20,133.0313734,28.613680000000002,20,121.29319960365663,31.821616793531028,20
Hawaii,Honolulu,Hilo,Llama-2-13b-hf,57,no_competitor,4.432028,5.1873283,1.0,0.018518518518518517,-1.4488007,-6.292735,5.447050900000001,-0.14669500000000024,184.0895672,22,5.079112,3.5082473000000007,0.525,12.601398369860348,38,232.60536115,4,96.82924405,47.98943730000001,22,119.1288356530903,42.1943475666239,22
Idaho,Boise,Meridian,Llama-2-13b-hf,58,no_competitor,3.8705468,5.328876,1.0,0.004405286343612335,-1.1957518,-7.997507,8.0086722,3.891762000000001,198.05152950000002,34,2.040165000000001,1.1668015,0.325,6.27986974929647,34,273.94517154,34,149.74695746,14.0314345,34,150.90797525111185,21.080944180452022,34
Massachusetts,Boston,Worcester,Llama-2-13b-hf,59,no_competitor,4.348852,4.9518228,1.0,0.3333333333333333,-1.603963,-2.7249613,6.4331130000000005,8.2072477,190.6589667,31,0.0,0.0,0.025,19.80733869674508,15,182.22565299000001,15,258.72125151,0.0,15,147.42828499222534,24.05864676037301,31
Ohio,Columbus,Cleveland,Llama-2-13b-hf,60,no_competitor,4.1664124,4.923932,1.0,0.002320185614849188,-1.3437417,-8.926147,5.0118453,-1.3737950000000003,198.15882290000002,21,4.1679615000000005,2.2497930000000004,0.55,9.171426682525098,21,272.85832128000004,21,111.62438982,36.9307222,21,82.20668514014694,17.727894095646207,31
Rhode Island,Providence,Warwick,Llama-2-13b-hf,61,no_competitor,4.07326,5.4006157,1.0,0.003436426116838488,-1.5861713,-8.291837,5.2965727,2.9262700000000006,181.8464731,22,1.0928799999999992,1.0928799999999992,0.4,13.47410610342843,27,230.90909188,20,163.87306352000002,2.7846460000000004,4,124.99917844168732,16.519068553461096,36
Tennessee,Nashville,Memphis,Llama-2-13b-hf,62,no_competitor,3.781807,4.954814,1.0,0.0136986301369863,-1.0717285,-6.788345,6.4549235000000005,0.006165000000000198,197.5915274,22,5.163061000000001,5.163061000000001,0.5,11.964049633222034,20,233.9375837,20,98.5970428,58.35348349999999,20,143.81867454399313,62.98744489291606,31
Australia,Canberra,Sydney,Llama-2-7b-hf,1,has_competitor,3.670012,6.5527186,1.0,0.03125,-1.0668162,-5.7622805,2.5340043000000003,0.17287919999999968,145.715385766,16,3.1407477999999998,3.1407477999999998,0.78125,8.553524244912843,24,179.029984561,21,41.839500339,22.603502699999996,26,88.0663288669558,48.731415503279344,26
Brazil,Brasilia,Rio de Janeiro,Llama-2-7b-hf,2,has_competitor,4.7042975,5.191203,0.1111111111111111,6.280223575959304e-05,-3.7824569,-14.487927,0.7626547999999995,-4.876158,167.67013980000002,13,7.933210000000001,6.822383,1.0,1.3824367924631975,23,341.25427019999995,18,7.951208100000001,99.3663652,30,37.63192738127678,40.770431357181685,23
Canada,Ottawa,Toronto,Llama-2-7b-hf,3,has_competitor,3.7002516,5.916311,1.0,0.000254000508001016,-1.0420175,-11.110095,2.8725831,-1.3734260000000003,166.28716759999998,23,2.1770060000000004,2.1770060000000004,0.6875,7.865796619229352,21,229.0751894,18,34.0621935,23.505687800000004,20,54.90881578495462,24.68145824295752,22
India,New Delhi,Mumbai,Llama-2-7b-hf,4,has_competitor,4.6801248,6.606327,1.0,0.038461538461538464,-2.1948938,-5.5292397,5.6157089,2.0971783000000004,161.0137805,23,0.747071,0.0,0.15625,9.15016881273839,24,147.86473697,21,105.53125162999997,2.0057327999999996,26,94.3409859939962,13.045384346927973,26
Morrocco,Rabat,Marrakesh,Llama-2-7b-hf,5,has_competitor,4.8100023,6.415742,0.25,0.00019833399444664816,-3.1421864,-11.385702,1.0528351999999996,-4.458998,162.06954480000002,19,7.1062674,7.1062674,0.9375,0.7914582623085267,30,300.3964284,4,7.469686200000001,82.8706673,14,40.719410026101485,48.03960082099116,20
New Zealand,Wellington,Auckland,Llama-2-7b-hf,6,has_competitor,4.441041,6.156774,0.25,0.001256281407035176,-2.797326,-8.919923,1.3714486,-3.1966660000000005,154.51086420000001,25,6.394655,6.394655,0.625,6.754058022189671,24,219.41890021999998,1,24.33199578,62.48526639999999,1,81.1001316864921,51.935998024776055,22
Pakistan,Islamabad,Karachi,Llama-2-7b-hf,7,has_competitor,2.3064265,7.093217,1.0,0.0005213764337851929,-0.41171616,-9.6538515,5.40170554,0.5321855000000006,159.7423411,16,0.9172154999999993,0.7675349999999987,0.65625,8.404264840564164,23,238.93687549000003,21,65.22012801,2.8997811999999987,23,63.941633780281364,15.30629614857376,23
South Africa,Pretoria,Johannesburg,Llama-2-7b-hf,8,has_competitor,4.514017,6.072144,0.3333333333333333,0.007874015748031496,-2.4854896,-7.133256,0.7257766999999999,5.276891999999999,160.64224059999998,15,8.784686200000001,8.784686200000001,0.90625,1.697131947108244,29,231.71100890000002,24,82.8951807,57.77027657000001,24,114.39448403737167,117.28563667302953,29
Switzerland,Bern,Zurich,Llama-2-7b-hf,9,has_competitor,4.5124736,5.5798917,1.0,0.00023685457129322596,-2.146127,-11.210953,1.9257169999999997,-0.8413699999999995,176.3931402,13,3.3478030000000008,3.00629,0.8125,2.2974693626060674,30,270.0318176,3,30.399765699999996,26.0590591,24,47.39621489069072,35.90324134647324,24
Turkey,Ankara,Istanbul,Llama-2-7b-hf,10,has_competitor,4.546236,6.131604,0.3333333333333333,0.004878048780487805,-2.622704,-7.5067654,0.2593850999999998,2.0734406000000005,165.2503178,23,5.9244873,5.9244873,0.84375,4.682573746358989,27,192.19654634,24,72.10654186,23.1363223,24,97.49398258523006,87.47160960760296,24
United Arab Emirates,Abu Dhabi,Dubai,Llama-2-7b-hf,11,has_competitor,4.106618,5.9004946,0.2,0.00411522633744856,-2.9640536,-7.7228355,-0.0554127000000002,1.8918704999999996,159.3601318,22,3.4913580399999997,3.4913580399999997,1.0,3.4379266362329224,22,220.1226962,22,43.95921769999999,19.297059500000003,5,59.2802146728062,64.8069916095016,27
Alabama,Montgomery,Birmingham,Llama-2-7b-hf,12,has_competitor,3.9471023,6.465079,1.0,0.00018772292096865028,-1.4871076,-11.352829,3.1206261,-6.2385187,162.33221654,15,7.106919,7.106919,0.84375,3.9189772068830244,25,256.09421670000006,18,13.8420022,89.58169610000002,22,57.66993161093692,46.205443014285514,22
Alaska,Juneau,Anchorage,Llama-2-7b-hf,13,has_competitor,4.1737146,6.691081,1.0,0.0005200208008320333,-1.2671002,-9.814016,3.0794031000000004,-3.1672236000000007,162.8668959,16,5.1014328,5.1014328,0.90625,4.9754195746081935,27,238.45734700000003,1,7.1979335,64.77973184,30,36.60590205661036,42.82376976132392,25
California,Sacramento,Los Angeles,Llama-2-7b-hf,14,has_competitor,4.687604,6.062885,0.25,0.0012484394506866417,-2.8553042,-8.966038,2.0044961,-4.399076699999999,170.5189633,15,5.547574999999999,4.399076699999999,0.6875,3.7894215222514873,23,240.5456497,1,26.9022291,64.9813898,20,50.94587051968551,30.170916526593455,20
Connecticut,Hartford,Bridgeport,Llama-2-7b-hf,15,has_competitor,4.17383,6.219054,1.0,0.0003096934035305048,-1.4608293,-10.594459,4.7851877,-1.9087620000000012,152.8644955,15,4.354596,4.354596,0.59375,8.911804725546636,20,220.76282788999998,18,84.95237491,30.383331800000008,20,80.93132858487785,47.08977805210364,20
Delaware,Dover,Wilmington,Llama-2-7b-hf,16,has_competitor,4.509926,7.081749,0.5,0.041666666666666664,-2.436417,-5.37081,0.8338842999999998,4.152782000000001,153.19195985,16,3.2348038999999997,3.2348038999999997,0.875,5.241082914769678,27,180.30465451999999,21,80.77678087999998,9.982755399999999,23,98.04164800708729,66.83488781565913,27
Florida,Tallahassee,Jacksonville,Llama-2-7b-hf,17,has_competitor,4.3152637,6.290103,0.5,0.005681818181818182,-2.0607831,-7.3735623,2.5602229000000003,1.103700700000001,161.21265868,28,2.596316,2.596316,0.78125,4.939710852261204,27,194.77635286999998,21,73.65887643,6.1019635999999995,28,108.71799980889163,51.18311251684872,28
Illinois,Springfield,Chicago,Llama-2-7b-hf,18,has_competitor,4.424417,6.228941,0.125,0.00015885623510722796,-3.4416,-11.725101,-0.9821574000000002,-1.1155489999999997,161.8367034,15,8.0362035,8.0362035,1.0,1.3895260264634424,24,281.668273,18,5.845502400000001,42.91829459999999,20,63.956605647424745,80.91140673896426,21
Kansas,Topeka,Wichita,Llama-2-7b-hf,19,has_competitor,4.5111437,6.7805157,0.5,0.008547008547008548,-2.4576907,-6.9234495,3.5736646999999997,-0.8097409999999998,162.46217856,15,2.9475680000000004,2.9475680000000004,0.65625,7.209988680613075,24,202.03168508,21,42.011117320000004,34.4177902,20,69.07160842207773,29.3589606299713,28
Kentucky,Frankfort,Louisville,Llama-2-7b-hf,20,has_competitor,4.192936,6.0770082,0.5,0.003278688524590164,-2.3104377,-7.9632716,0.3786076999999999,3.2560694000000003,159.07893700000002,15,5.3692496,5.3692496,0.96875,3.087583978680297,29,234.09149680000002,5,35.39191450000001,28.76141617,29,58.21797837747947,44.77002676327259,29
Louisiana,Baton Rouge,New Orleans,Llama-2-7b-hf,21,has_competitor,4.293219,6.516265,1.0,0.000395882818685669,-1.6675602,-10.184925,0.9201888,-5.422402,162.8467101,15,7.950127599999999,7.950127599999999,1.0,3.283968436617379,30,234.0568819,19,0.9201888,111.48167404,30,48.996278269026774,78.39418241843475,20
Maine,Augusta,Portland,Llama-2-7b-hf,22,has_competitor,4.333641,6.214781,1.0,0.0016666666666666668,-1.8279357,-8.617942,1.6161432999999998,-1.230621499999999,161.0444174,15,3.3024955,3.3024955,0.96875,1.7530034014228915,30,240.1076897,1,6.956550900000001,41.54346960000001,29,41.294139878142595,46.59371624111221,29
Maryland,Annapolis,Baltimore,Llama-2-7b-hf,23,has_competitor,4.4029646,6.3515644,0.06666666666666667,0.0005858230814294083,-4.27966,-9.716724,-1.8489441999999996,0.16295700000000046,160.96641540000002,15,6.5812095,6.5812095,1.0,1.3593586623766218,29,266.4519385,20,10.260010000000005,55.13453714999999,20,54.02402990229796,71.85100999546125,26
Michigan,Lansing,Detroit,Llama-2-7b-hf,24,has_competitor,4.3286414,6.066107,0.5,0.02127659574468085,-2.1482205,-6.205191,1.2656780000000003,3.6242810000000008,156.05861730000004,15,5.964181700000001,5.964181700000001,0.8125,5.4443900461594685,26,186.88085091,26,86.47424319,25.600266600000005,26,119.18360839086277,81.02842034103736,26
Minnesota,St. Paul,Minneapolis,Llama-2-7b-hf,25,has_competitor,4.5338135,6.1131153,0.25,0.001488095238095238,-2.8649569,-8.722487,1.6659277999999995,0.6752990000000008,160.5062657,21,7.76070523,7.76070523,0.90625,2.8201799461280204,29,225.57536564,18,65.98073786000002,38.975174079999995,3,92.79637391769361,67.55716564999511,27
Montana,Helena,Billings,Llama-2-7b-hf,26,has_competitor,4.612851,6.9726105,0.5,0.00026295030239284776,-2.1800947,-10.644739,3.1797102999999995,-5.1925605,146.78773464,16,7.102034999999999,7.102034999999999,0.65625,4.776883888442661,26,270.5254503,21,35.927905499999994,62.735071700000006,17,49.76867477538841,30.193792297605203,20
Nebraska,Lincoln,Omaha,Llama-2-7b-hf,27,has_competitor,3.7318845,6.657173,1.0,0.0002168256721595837,-1.0728775,-11.029533,3.3180855000000005,-3.651071000000001,166.4845451,15,6.313336399999999,4.291783000000001,0.625,6.364152317527909,22,256.0700468,18,23.503850900000003,68.04653230000001,18,62.6097739797868,53.207020282437995,18
Nevada,Carson City,Las Vegas,Llama-2-7b-hf,28,has_competitor,4.0269213,6.9840837,1.0,0.00037064492216456633,-1.4365265,-10.128941,2.1084756999999996,-1.5590510000000002,155.0781466,16,12.01913262,12.01913262,0.90625,3.1808346552100515,30,292.89118929999995,24,11.9042234,111.95646792000001,24,77.32841956985254,100.93521325479446,24
New Hampshire,Concord,Manchester,Llama-2-7b-hf,29,has_competitor,4.3056917,6.7968054,0.5,0.005076142131979695,-2.0562167,-7.393477,3.5251351000000004,2.2134930000000006,156.68515109999998,15,1.6003919999999994,1.047448000000001,0.6875,3.484331219982817,28,221.2862925,22,86.90994349999998,4.102307,6,78.13803937202889,27.441561722712002,28
New Jersey,Trenton,Newark,Llama-2-7b-hf,30,has_competitor,4.414251,6.848015,1.0,0.0011682242990654205,-1.9420209,-8.798529,2.0300636,-3.933414,155.6868681,15,8.2890763,8.2890763,0.875,5.449947994422369,27,243.21189437,21,9.00506583,124.30249119999999,20,54.15848947581573,64.06480465760026,25
New Mexico,Santa Fe,Albuquerque,Llama-2-7b-hf,31,has_competitor,4.239748,6.6784253,1.0,0.000198294665873488,-1.6998345,-11.184448,2.3924805000000005,-4.445556,165.083308,15,7.827305699999999,7.3660672,0.84375,5.695990560397139,26,273.81176034,18,11.99900406,86.93686929999998,15,55.50607949169893,52.905289055193464,26
New York,Albany,New York,Llama-2-7b-hf,32,has_competitor,4.7332954,4.598847,1.0,0.00012786088735455825,-1.9649129,-12.66805,1.4735764999999998,-7.229720299999999,156.4182662,13,8.273919,8.273919,1.0,5.774460132675504,20,253.69929192,20,4.6155634800000005,140.27926601000001,20,47.216123261465,81.43768562762844,20
North Carolina,Raleigh,Charlotte,Llama-2-7b-hf,33,has_competitor,4.3207264,6.1637983,1.0,0.0125,-1.9636183,-6.7355537,3.7544896999999997,1.8574673000000006,156.1576322,27,7.590130200000001,7.590130200000001,0.8125,6.3839106190138715,25,198.224592,21,68.43684629999998,37.8768411,27,119.1550257890487,72.96674362277767,27
North Dakota,Bismarck,Fargo,Llama-2-7b-hf,34,has_competitor,4.285025,6.9332914,0.5,0.0625,-1.8733407,-5.0509844,2.6941403,2.1980629,151.4619021,16,0.0,0.0,0.03125,6.329128985522874,26,162.61641217,21,68.86086523,0.0,26,56.48684725647983,14.424267892068329,26
Oregon,Salem,Portland,Llama-2-7b-hf,35,has_competitor,4.5053463,6.598423,0.5,0.04,-2.4276626,-5.683756,1.5653172,1.618741,156.6022511,27,7.956843099999999,7.956843099999999,0.875,4.410242543016065,27,201.619330275,27,36.290973824999995,34.6944201,27,93.8988367668194,74.79252571271928,27
Pennsylvania,Harrisburg,Philadelphia,Llama-2-7b-hf,36,has_competitor,4.219843,6.390155,0.25,0.0028735632183908046,-2.7206297,-8.008774,-1.0355999999999999,1.7805349999999986,167.49962820000002,15,3.931152300000001,3.931152300000001,1.0,2.1876319577954533,20,225.1033577,20,20.9784272,22.1302667,20,40.73013311159333,49.70784191085596,22
South Dakota,Pierre,Sioux Falls,Llama-2-7b-hf,37,has_competitor,4.19321,6.896806,0.5,0.0014245014245014246,-1.9588501,-8.572918,2.6439379,2.2502460000000006,145.00063653,16,2.8451030000000017,1.055752,0.5,9.607236130952604,21,224.01346116,20,73.19990003999999,10.25056,7,57.610310805473944,38.84659357050826,25
Texas,Austin,Houston,Llama-2-7b-hf,38,has_competitor,4.269532,5.3903217,0.3333333333333333,0.0006480881399870382,-2.1993024,-9.897889,2.2920496,-0.7134,153.6444931,13,0.7818185,0.7818185,0.65625,7.682755989907962,19,198.66216872,18,51.96623848,3.8718166999999983,20,55.97167585363931,21.192393934906356,20
Vermont,Montpelier,Burlington,Llama-2-7b-hf,39,has_competitor,4.5843925,6.7067165,0.5,0.00019319938176197836,-2.4446888,-11.226463,0.9566087999999997,-3.497129600000001,162.659937,15,4.1930984,4.1930984,0.84375,1.6547125890171475,30,262.442191,1,21.814358300000002,32.60744820000001,23,55.04659863747746,52.007947078456404,19
Virginia,Richmond,Virginia Beach,Llama-2-7b-hf,40,has_competitor,4.049011,6.531919,1.0,0.00030395136778115504,-1.294416,-10.539506,4.873798,-3.200815199999999,160.4573361,15,4.0817695,3.6216425999999995,0.71875,3.772381722307605,30,256.61152990000005,30,28.2449036,45.64615570000001,20,41.05016214023776,36.362461185261864,22
Washington,Olympia,Seattle,Llama-2-7b-hf,41,has_competitor,4.416489,5.5640745,0.08333333333333333,0.0002081165452653486,-4.151371,-11.412148,-1.8457003000000003,-4.911575,146.84714886,16,6.0500013,6.0500013,1.0,0.651941678606454,20,308.66137430000003,21,1.7650189999999988,103.1897952,20,42.246664723634986,68.1895912923403,22
Wisconsin,Madison,Milwaukee,Llama-2-7b-hf,42,has_competitor,4.611065,6.4348116,0.2,0.004608294930875576,-2.7058506,-7.5590105,1.5742493999999998,0.884787499999999,164.2423068,15,0.72112,0.72112,0.6875,7.369939131697621,27,183.6285059,1,52.0924475,2.2529104,11,66.64012554281634,30.49997996402387,22
Austria,Vienna,Graz,Llama-2-7b-hf,43,no_competitor,4.018828,5.130304,0.3333333333333333,9.75800156128025e-05,-1.991452,-13.218703,7.664097000000001,0.8885360000000002,163.66335709999998,13,1.4627765000000004,1.4627765000000004,0.34375,6.824326874370424,25,237.2112911,18,141.1956639,1.9813015000000025,18,128.01121397084586,27.442683735039644,25
Egypt,Cairo,Alexandria,Llama-2-7b-hf,44,no_competitor,4.3153634,6.417382,1.0,0.004901960784313725,-1.5540481,-7.4568214,4.5827703,5.5454886,168.80492033000002,23,2.6256399999999998,2.6256399999999998,0.78125,6.277443754242799,24,202.07988122,24,109.34709948,6.725681999999998,24,116.66274721877525,51.178680101378234,28
France,Paris,Marseille,Llama-2-7b-hf,45,no_competitor,4.224594,4.3236394,0.3333333333333333,0.009900990099009901,-2.297544,-7.373248,7.311747,8.259496,161.10436570000002,13,0.0,0.0,0.03125,6.837378460179439,19,182.3427064,18,249.46981309999995,0.0,8,131.7331023169588,3.688756076295788,20
Germany,Berlin,Hamburg,Llama-2-7b-hf,46,no_competitor,3.699679,4.7695665,1.0,0.00027831895352073476,-1.0662798,-11.2442255,6.2632819,0.4359394999999999,161.2870533,13,0.0,0.0,0.03125,4.853008172874926,30,221.4817387,3,119.8202645,0.0,8,91.34283102363258,7.989695295799705,25
Italy,Rome,Milan,Llama-2-7b-hf,47,no_competitor,4.2800345,5.6784687,0.3333333333333333,0.00641025641025641,-2.2292693,-7.4391627,3.5751147,3.6681703000000008,163.70249909999998,23,1.368475,0.0,0.0625,7.42938930148373,21,167.89558451,18,112.25317089,1.368475,0,75.30096013148616,3.505217087742972,19
Japan,Tokyo,Yokohama,Llama-2-7b-hf,48,no_competitor,3.849967,5.2183757,1.0,0.005025125628140704,-1.2729025,-7.73553,7.3930155,-0.7432995999999994,149.9455882,13,5.827938,4.56988,0.53125,12.435570904915796,18,181.099249835,13,115.93906906500001,43.42371200000001,13,147.96047253187595,51.65241029931906,23
Korea,Seoul,Busan,Llama-2-7b-hf,49,no_competitor,4.3025723,5.608312,0.3333333333333333,0.022727272727272728,-2.1834552,-6.223328,6.1517068,2.606546999999999,160.86350155,23,0.0,0.0,0.03125,8.606408292379639,23,150.88485873000002,18,147.25854786999997,0.0,16,111.04324266349624,10.37216644786473,27
Russia,Moscow,Saint Petersburg,Llama-2-7b-hf,50,no_competitor,3.9996297,5.019047,1.0,0.0017301038062283738,-1.709238,-8.889203,5.1017495,2.0863329999999998,173.7048289,13,2.7664679999999997,1.5452910000000006,0.3125,7.525831378089166,30,217.66602797,18,87.23868042999999,12.436891000000005,8,80.46324404158877,28.174551578992098,19
Spain,Madrid,Barcelona,Llama-2-7b-hf,51,no_competitor,4.191418,5.02423,0.3333333333333333,0.00041562759767248546,-2.2357888,-10.552352,2.8005552,0.6897909999999996,164.30536270000002,13,0.3595740000000003,0.0,0.25,4.681845765750683,23,231.40008994000002,18,67.25738996,0.4416460000000004,8,60.25173046676912,10.1272051289562,19
Sweden,Stockholm,Gothenburg,Llama-2-7b-hf,52,no_competitor,4.0286593,4.935215,1.0,0.000333555703802535,-1.7735795,-10.871699,4.5123969,2.720409,151.35057551,19,0.11486000000000018,0.0,0.28125,10.036141390421626,18,224.808592767,18,128.98396913300004,0.11486000000000018,19,77.35742355585806,6.916707845180024,19
United Kingdom,London,Birmingham,Llama-2-7b-hf,53,no_competitor,3.9871626,5.643567,1.0,0.058823529411764705,-1.6038352,-5.3037157,8.787454799999999,0.5234098000000005,157.0078537,13,4.177199999999999,4.177199999999999,0.46875,10.42186329826535,30,149.72123864,13,103.69623146,30.3748129,13,125.71050003416555,32.392500071295935,19
Arizona,Phoenix,Tucson,Llama-2-7b-hf,54,no_competitor,3.9584785,6.2103734,1.0,0.0005656108597285068,-1.2319938,-9.803335,4.9987448,-2.4450315000000007,154.8710838,19,7.018584000000001,7.018584000000001,0.5625,11.114864561496786,30,221.19140416000002,18,76.77524094,73.0422608,18,104.47468485648987,51.1390025524279,20
Colorado,Denver,Colorado Springs,Llama-2-7b-hf,55,no_competitor,4.3124657,6.22589,1.0,0.034482758620689655,-1.6650617,-5.8653374,2.2437617999999997,4.0361116,151.07475895,15,3.0711036,2.0611385999999996,0.34375,13.396968936766804,18,151.54132762,16,72.09230178,11.391441799999999,9,68.43099752457694,27.687906828024275,21
Georgia,Atlanta,Augusta,Llama-2-7b-hf,56,no_competitor,4.1982846,6.6238985,0.04,0.0007042253521126761,-5.245288,-9.422917,6.442487,-1.0210500000000007,164.1760936,16,2.7849554999999997,2.7849554999999997,0.53125,4.637839486944582,19,226.72991266,16,102.81645334,27.422193500000006,16,109.23702847023443,25.3658563864601,19
Hawaii,Honolulu,Hilo,Llama-2-7b-hf,57,no_competitor,4.219445,6.175378,1.0,0.0026455026455026454,-1.7693223,-8.209744,5.1758862,-2.925253400000001,158.68675819999999,20,4.5702110000000005,4.5702110000000005,0.59375,11.336659971700211,20,184.3996141,20,68.485152,46.77924940000001,20,88.87662740198053,43.268918326828164,20
Idaho,Boise,Meridian,Llama-2-7b-hf,58,no_competitor,3.6866841,6.8971596,1.0,0.00129366106080207,-1.174157,-8.668283,7.524933,0.8980789999999992,159.79553140000002,16,0.13860000000000028,0.13860000000000028,0.34375,6.890508607605728,24,218.2471614,21,108.1969281,0.13860000000000028,21,91.98972081111056,9.947178532317738,24
Massachusetts,Boston,Worcester,Llama-2-7b-hf,59,no_competitor,3.8868628,5.6721163,1.0,0.0006199628022318661,-1.2998736,-9.841074,7.583103900000001,5.0101119999999995,159.9932301,19,0.30779700000000076,0.0,0.0625,8.119335559333802,18,206.91696433,16,183.66755167000002,0.30779700000000076,9,103.88602129847791,14.587232222170977,19
Ohio,Columbus,Cleveland,Llama-2-7b-hf,60,no_competitor,3.3962345,6.641988,1.0,9.320533134495293e-05,-0.890443,-12.727501,4.1236633,-1.7338889999999996,150.3603305,15,2.626638,1.8611120000000003,0.5625,10.071964373011552,30,240.95063445,19,72.55208825,22.5698685,20,63.49407921978304,10.437127638355664,20
Rhode Island,Providence,Warwick,Llama-2-7b-hf,61,no_competitor,4.216622,6.8073206,0.5,0.00010978153474585575,-1.9935125,-12.2983265,5.478778,-2.3319525,172.1232984,15,4.339672,4.339672,0.625,4.154967336327432,22,282.0836046,22,63.10252609999999,34.217061,15,62.98858306856011,24.534952678666865,22
Tennessee,Nashville,Memphis,Llama-2-7b-hf,62,no_competitor,4.0011177,5.84019,0.5,0.00032071840923669016,-1.8976781,-10.6694,6.8563369000000005,-2.499580999999999,161.13327040000001,15,5.057185,3.0730173999999995,0.5625,6.557752010050426,19,221.09454002,19,68.60946678,40.772889199999995,19,100.7828348643386,41.38933620623088,19
Australia,Canberra,Sydney,gpt2-xl,1,has_competitor,5.1169734,6.52026,1.0,0.0013440860215053765,-1.8109865,-8.849013,1.1643639,-2.748189599999999,289.9574788,0,3.943734000000001,3.943734000000001,0.6458333333333334,16.57876702338809,30,364.70925451999994,28,19.693877680000003,64.5679691,28,54.35947924055393,43.10197752586221,28
Brazil,Brasilia,Rio de Janeiro,gpt2-xl,2,has_competitor,5.3357306,6.48517,0.5,0.0007621951219512195,-2.4299703,-9.556739,1.0846491,-4.794135000000001,285.91708470000003,0,4.794135000000001,4.794135000000001,0.9166666666666666,10.63115819528127,33,350.4465828,28,8.5319434,77.83352659999998,27,67.65713135760774,72.32985526137792,27
Canada,Ottawa,Toronto,gpt2-xl,3,has_competitor,5.393,6.4736376,1.0,0.003676470588235294,-1.9646155,-7.8419714,2.0295303999999996,-0.4263229000000006,293.4002272,0,1.1873380000000004,0.8659730000000003,0.6458333333333334,16.737952593715786,30,314.7942713,20,19.381668199999993,16.898498,29,46.759828624697256,28.72543065590143,29
India,New Delhi,Mumbai,gpt2-xl,4,has_competitor,5.495394,6.3961368,1.0,0.016129032258064516,-2.286686,-6.2442884,1.399302,0.23761229999999944,306.9746709,0,2.3251710999999995,2.3251710999999995,0.9375,5.816663193466814,45,270.6730803,0,35.50532579999999,19.5871867,0,65.44544227028196,115.57380575300135,41
Morrocco,Rabat,Marrakesh,gpt2-xl,5,has_competitor,5.044142,6.4189134,0.09090909090909091,0.02564102564102564,-4.5977817,-6.0782194,1.8818113000000007,0.6660326000000003,314.5877375,0,3.9089740000000006,2.640447700000001,0.4166666666666667,2.9398100818216304,34,351.5385129,11,37.27301309999999,50.7658344,1,73.73425906046637,28.73686813047553,34
New Zealand,Wellington,Auckland,gpt2-xl,6,has_competitor,5.3140187,6.32524,1.0,0.0031746031746031746,-2.391501,-8.041768,0.2930526000000002,0.7065080000000012,285.0509416,0,1.7385682999999998,1.7385682999999998,0.9791666666666666,6.7683779497417484,45,345.85861420000003,28,13.0153025,22.93083779,43,33.06545791638557,51.77201205506549,4
Pakistan,Islamabad,Karachi,gpt2-xl,7,has_competitor,4.43892,6.594942,1.0,0.000552791597567717,-1.4170241,-9.894461,1.3495417,-0.47409949999999945,272.1393958,0,1.131411,1.131411,0.5208333333333334,17.67812079167056,30,315.29357742,28,31.099761079999997,17.053658000000006,20,52.30891005294625,15.273100110574823,26
South Africa,Pretoria,Johannesburg,gpt2-xl,8,has_competitor,5.2437124,6.261267,0.125,0.00023153507756425097,-4.216598,-11.1803055,-0.8711986000000005,-1.1200684999999986,303.5913305,0,2.986159799999999,2.986159799999999,1.0,1.4693271646019241,38,471.7792504,28,0.0,80.66636870000005,16,37.08989534933837,99.93143607134519,19
Switzerland,Bern,Zurich,gpt2-xl,9,has_competitor,5.064661,6.2466416,0.3333333333333333,0.000945179584120983,-2.5141397,-9.367382,0.49990829999999997,0.4935810000000007,285.2458193,0,1.9920635,1.9920635,0.9583333333333334,7.164051956735125,44,365.44675479999995,32,46.280811200000024,16.144919499999997,0,35.73447394323967,88.30853247541941,26
Turkey,Ankara,Istanbul,gpt2-xl,10,has_competitor,4.498534,6.6196184,0.5,0.0036101083032490976,-1.8002902,-7.80859,-0.11375520000000017,-1.2238292999999993,271.0158944,0,1.2909820999999997,1.2909820999999997,1.0,15.77897551785802,32,266.14728974999997,32,9.74370315,12.4665035,32,39.577132229299224,37.61493394054458,32
United Arab Emirates,Abu Dhabi,Dubai,gpt2-xl,11,has_competitor,4.1255827,6.39721,1.0,0.010752688172043012,-1.2744821,-6.844555,1.6610977000000002,-0.059603999999999324,237.12572663,0,2.53328117,2.53328117,0.9375,11.531488189874846,43,275.79431339,27,10.868406210000002,27.5867163,0,39.32591229304765,81.73278901006356,37
Alabama,Montgomery,Birmingham,gpt2-xl,12,has_competitor,5.1745434,6.4653053,0.16666666666666666,0.0011299435028248588,-3.6345768,-9.089979,-1.2661742999999999,-0.42677600000000027,277.0930522,0,3.0429214000000004,3.0429214000000004,1.0,2.338505650028834,33,355.58851630000004,27,3.3992649999999998,76.67689405000002,21,27.89941483403384,94.25654920842373,8
Alaska,Juneau,Anchorage,gpt2-xl,13,has_competitor,5.6003866,6.5549326,0.2,0.0009182736455463728,-3.5315063,-9.308328,-0.9796596000000002,-0.9758800000000001,237.53111585,0,14.30677488,14.30677488,1.0,0.5824396465485532,46,467.12323499999997,38,54.782517000000006,192.884413901,0,62.56353083692228,253.46751283250381,38
California,Sacramento,Los Angeles,gpt2-xl,14,has_competitor,5.431168,6.107733,0.0625,0.0002473410833539451,-4.6874228,-11.19343,-0.6648388000000001,-3.2408943999999993,314.38024699999994,0,3.4101881999999986,3.4101881999999986,1.0,1.3584125104786924,34,410.3773683,28,0.0,81.84090969999998,28,26.509210698067026,44.57728914073857,28
Connecticut,Hartford,Bridgeport,gpt2-xl,15,has_competitor,5.5574965,6.176882,0.125,0.00014251104460595695,-4.003594,-11.99968,2.2467646000000006,0.6577169999999999,292.95927500000005,0,0.7962430000000005,0.5009440000000005,0.3958333333333333,6.071523003671984,38,410.8212221,28,97.81917750000002,4.467525999999998,25,145.16528447706108,24.28905515181237,28
Delaware,Dover,Wilmington,gpt2-xl,16,has_competitor,4.8195477,6.0215693,0.03571428571428571,0.0005488474204171241,-5.5204306,-10.189055,-1.584028,1.3165700000000005,280.40898389999995,0,1.6129998000000003,1.6129998000000003,1.0,1.5557669331056954,32,403.3078358,32,31.98271399999999,39.7472679,17,25.27867095201513,65.36545749846451,11
Florida,Tallahassee,Jacksonville,gpt2-xl,17,has_competitor,5.457525,6.187936,0.14285714285714285,0.0020242914979757085,-3.6710196,-8.586653,0.8472574000000002,0.08358899999999991,286.5236251,0,2.29398,2.29398,0.875,2.274679635866042,32,350.6995408,14,24.743356200000008,15.887725199999998,33,56.47048974847138,82.63564244588669,14
Illinois,Springfield,Chicago,gpt2-xl,18,has_competitor,5.1888304,6.2026496,0.25,0.005050505050505051,-3.0408697,-7.5278835,-0.4217563000000002,0.3245211000000001,284.3799475,0,2.55948584,2.55948584,1.0,5.574730079817265,38,304.27273119999995,25,2.784072400000003,49.09764451,21,36.99444972264115,84.42075746316864,25
Kansas,Topeka,Wichita,gpt2-xl,19,has_competitor,5.421946,6.483929,0.05555555555555555,0.0006544502617801048,-4.6657863,-9.739502,-0.11048529999999968,1.5655079999999995,263.77588612,0,8.482709700000001,8.482709700000001,1.0,0.3330273820490131,45,459.82057840000004,38,57.03256449999999,94.86732840000002,0,49.56104301503638,176.9659614518464,38
Kentucky,Frankfort,Louisville,gpt2-xl,20,has_competitor,5.4883084,6.2947383,0.029411764705882353,0.00023446658851113716,-5.700152,-11.153711,-2.4921184000000003,-1.5414139999999996,284.93617889999996,0,6.3118374,6.3118374,1.0,0.1322131456884556,44,489.8912477,41,8.782611000000003,152.49738050000002,0,32.401815283460124,184.66556479408635,41
Louisiana,Baton Rouge,New Orleans,gpt2-xl,21,has_competitor,5.66463,6.297039,0.1111111111111111,0.00038819875776397513,-4.1259823,-10.521979,-1.0141437000000004,-3.9621297,298.7466011,0,5.225691299999999,4.542683299999998,1.0,11.256658702705083,35,390.1245656,28,34.770596299999994,138.04011240000003,32,123.9305016232194,68.73821049737933,32
Maine,Augusta,Portland,gpt2-xl,22,has_competitor,5.497834,6.3227525,0.09090909090909091,0.0003487966515521451,-4.361965,-10.611461,-1.8563475999999994,-0.3939040000000009,279.16928933,0,0.6274873999999997,0.46976240000000047,1.0,3.3973027792353294,33,452.88161990000003,27,0.0,70.97242829999999,32,25.982910609538024,50.405999398817094,32
Maryland,Annapolis,Baltimore,gpt2-xl,23,has_competitor,5.174796,6.320718,0.08333333333333333,0.0012515644555694619,-4.274356,-9.02848,-1.0499116000000002,-0.02583800000000025,288.3856739,0,5.6365239,5.6365239,1.0,0.6086862723793105,46,407.3444007,13,0.0,111.5382377,38,39.39459599856619,151.9589129035834,12
Michigan,Lansing,Detroit,gpt2-xl,24,has_competitor,5.3512506,6.1624126,0.125,8.585164835164836e-05,-4.1009936,-12.8852,-0.9955525999999999,-2.9793889999999994,289.9085674,0,3.6759474,3.665109900000001,1.0,3.382738598849298,32,483.4970916,28,0.0,154.14667529999994,25,19.88020128691982,51.464235621045354,25
Minnesota,St. Paul,Minneapolis,gpt2-xl,25,has_competitor,5.433916,6.334768,0.16666666666666666,0.006493506493506494,-3.5670216,-7.2198663,-0.3551563999999998,2.7306036999999996,279.4390009,0,4.779977969999999,4.779977969999999,1.0,2.273616320333529,38,330.7854105,0,69.73469659999999,57.78911326,0,49.88735383652219,137.42277054326837,19
Montana,Helena,Billings,gpt2-xl,26,has_competitor,5.057591,6.4127774,0.5,0.0003904724716907458,-2.0599103,-10.432178,1.5770087,-1.6135745000000004,259.38628614,0,5.379535000000001,5.379535000000001,0.5416666666666666,11.696982974982486,39,397.92771382,27,119.63622608,85.21110350000001,28,160.97154306423568,67.5982916386148,27
Nebraska,Lincoln,Omaha,gpt2-xl,27,has_competitor,4.8854375,6.32932,1.0,0.006666666666666667,-1.9098465,-7.1620407,0.3842344999999998,2.3319092999999995,256.15492985000003,0,5.08162791,5.08162791,0.9791666666666666,7.4022269581330224,45,300.1214381,1,79.10164600000002,54.17445792000001,0,56.06512898807318,123.45252405554649,31
Nevada,Carson City,Las Vegas,gpt2-xl,28,has_competitor,5.0368614,6.34872,0.07692307692307693,0.00012006243246488174,-4.5360975,-12.159423,-1.8986592000000004,-2.8263675,273.088769,0,4.7427638000000005,4.7427638000000005,1.0,0.618464238030466,35,474.2169241,27,2.9272740000000006,141.13486386,43,20.517351295955137,133.6157407584227,8
New Hampshire,Concord,Manchester,gpt2-xl,29,has_competitor,5.3814216,6.053841,0.07142857142857142,6.833401667350006e-05,-4.647242,-13.450744,-0.21797550000000054,-2.838481,299.6981025,0,3.5797435,3.5797435,1.0,1.384610121885519,34,473.4386816,28,6.2035763,58.06727740000001,27,47.81963755657771,59.07469995919159,34
New Jersey,Trenton,Newark,gpt2-xl,30,has_competitor,5.554796,6.014162,0.011764705882352941,0.00011684973124561814,-6.654478,-12.404375,-2.660959,-0.7451190000000008,305.4735429,0,1.5409207,1.5409207,1.0,0.15181533945149883,34,514.1214631,27,0.0,132.9341673,17,24.039127332569002,95.79314234103492,17
New Mexico,Santa Fe,Albuquerque,gpt2-xl,31,has_competitor,5.25748,6.3565607,0.16666666666666666,0.0026954177897574125,-3.8010297,-8.194008,-1.3123741,1.0503199999999993,262.48448759999997,0,4.8601103299999995,4.8601103299999995,1.0,2.322306562438129,34,368.86439970000004,41,40.312912999999995,83.11855723500003,0,29.982527173346888,131.6555369428333,9
New York,Albany,New York,gpt2-xl,32,has_competitor,5.4529924,5.989506,0.008130081300813009,0.0007942811755361397,-7.014246,-9.746983,-3.0816116,-3.481019,308.70659120000005,0,1.552414900000001,0.8390099999999996,1.0,0.1781522519403464,29,430.0152569,28,0.0,155.92160450000003,13,19.641006015135787,104.0506343290006,13
North Carolina,Raleigh,Charlotte,gpt2-xl,33,has_competitor,5.1122255,6.313594,0.3333333333333333,0.0006317119393556538,-2.5505733,-9.860895,0.5598984000000002,-0.6124869999999998,268.3207494,0,1.4464535000000005,1.3416987000000002,0.7291666666666666,14.043262814680823,33,340.35613422999995,28,7.41735587,21.390577200000006,19,43.08213242935976,35.047877715146704,28
North Dakota,Bismarck,Fargo,gpt2-xl,34,has_competitor,5.0466657,6.4790583,0.3333333333333333,0.010101010101010102,-2.6794415,-6.77549,0.35211460000000017,6.233085000000001,264.65066690000003,0,8.06077013,8.06077013,1.0,1.6136291234169224,44,343.0637902,0,156.5537784,82.64760758999999,0,72.37953788210885,166.74848961664435,40
Oregon,Salem,Portland,gpt2-xl,35,has_competitor,5.240882,6.415758,0.125,0.00020193861066235866,-4.12042,-11.325977,-1.7493482,-1.2947059999999997,283.5988102,0,2.9056996999999996,2.9056996999999996,1.0,2.33387160096029,33,438.5553694,27,0.44278300000000037,84.47480546,21,22.071583896192514,94.79452477478036,21
Pennsylvania,Harrisburg,Philadelphia,gpt2-xl,36,has_competitor,5.315427,6.102753,0.1,0.0010741138560687433,-4.0757484,-9.315349,-0.9317294,-0.7964269999999996,303.0965453,0,4.1118054,4.1118054,1.0,0.7924963429412,46,389.5152926,27,0.8357095000000019,91.71371239999998,38,41.720421723012294,121.98695936300356,6
South Dakota,Pierre,Sioux Falls,gpt2-xl,37,has_competitor,5.325927,6.383091,0.06666666666666667,0.0004037141703673799,-4.6993475,-10.387245,-1.9237402000000001,1.8138620000000003,273.9800089,0,7.823133939999999,7.823133939999999,1.0,0.24017140092135397,45,523.3799683,41,26.942001000000005,141.66292488000002,41,45.946161987494044,153.41131408166515,41
Texas,Austin,Houston,gpt2-xl,38,has_competitor,5.155752,6.2699804,0.3333333333333333,0.0015105740181268882,-2.9480245,-8.851097,1.5518191000000003,-0.6790599999999998,295.103717,0,2.785603,2.4225075,0.8333333333333334,7.000551123654754,39,355.61280450000004,28,6.993565400000001,48.035684200000006,15,41.2082448748319,43.289337589847875,34
Vermont,Montpelier,Burlington,gpt2-xl,39,has_competitor,5.256268,6.388765,0.041666666666666664,0.001736111111111111,-5.233553,-8.685884,-2.1729834999999995,0.46103000000000094,280.9535687,0,5.6662085000000015,5.6662085000000015,1.0,0.5595040689676578,34,398.34382370000003,13,14.818846,89.5314703,0,52.02584465338284,142.50568894519873,13
Virginia,Richmond,Virginia Beach,gpt2-xl,40,has_competitor,5.13343,6.0988984,0.3333333333333333,0.00041288191577208916,-3.0150478,-10.505682,1.7181865999999997,-2.3686629999999997,303.37358919999997,0,3.5713369999999998,3.5713369999999998,0.8333333333333334,3.8802176737123943,46,379.3137766,28,8.913075999999998,79.95405399999997,37,40.29056672758696,42.16148847160538,37
Washington,Olympia,Seattle,gpt2-xl,41,has_competitor,5.4079633,6.1053367,0.002004008016032064,0.00040766408479412964,-8.737349,-10.534285,-2.227551,-1.51262,307.5503911,0,1.0511870000000005,1.0511870000000005,1.0,0.04363525376421948,29,521.930621,14,0.07074649999999849,104.87717020000001,14,27.102325258309676,64.73526100293707,14
Wisconsin,Madison,Milwaukee,gpt2-xl,42,has_competitor,4.6548505,6.406904,1.0,0.0005470459518599562,-1.4261066,-10.023767,2.1101593000000003,-1.049313999999999,279.25152089999995,0,2.46225,2.46225,0.8333333333333334,11.34360914239795,38,358.069934,32,9.548934099999999,49.428873409999994,38,26.177311093833193,54.992039457786404,33
Austria,Vienna,Graz,gpt2-xl,43,no_competitor,4.7491293,6.3129907,1.0,0.003676470588235294,-1.611145,-7.829224,3.3704366999999995,-0.5717309999999998,258.38959153999997,0,2.2228140000000014,1.1520259999999993,0.5208333333333334,18.6330148711582,29,275.39283786,28,133.88394384,13.381638000000002,28,231.49844322170654,63.81357521723436,34
Egypt,Cairo,Alexandria,gpt2-xl,44,no_competitor,4.378298,6.1227064,1.0,0.001890359168241966,-1.2847552,-8.679214,0.9373140999999998,1.4312889999999996,245.99863463999998,0,0.0,0.0,0.020833333333333332,18.432732634831705,29,287.83699219,28,97.14497481000001,0.0,1,77.95732481238218,19.77346919780671,30
France,Paris,Marseille,gpt2-xl,45,no_competitor,5.3291883,6.0298123,0.3333333333333333,0.018867924528301886,-2.8831563,-6.249179,3.3562897,3.175237000000001,310.56168560000003,0,0.26407999999999987,0.0,0.041666666666666664,14.661698983482463,32,260.69530399999996,32,166.1797799,0.26407999999999987,0,104.89072533327278,17.513788589899626,33
Germany,Berlin,Hamburg,gpt2-xl,46,no_competitor,5.769562,6.3777924,1.0,0.0024096385542168677,-2.372945,-8.289136,2.3746594,0.6057740000000003,303.0538736,0,0.753604000000001,0.27538700000000027,0.3333333333333333,14.80777851329409,34,326.91457679999996,20,48.917688099999985,4.7717775000000024,0,58.708149112720285,17.944713141940472,34
Italy,Rome,Milan,gpt2-xl,47,no_competitor,5.4615664,6.2246356,1.0,0.0034482758620689655,-2.049329,-7.94077,1.9925030000000001,0.8975145000000007,306.2957202,0,0.09840699999999991,0.0,0.041666666666666664,14.527364078820874,34,300.40848279999994,29,86.84592179999997,0.09840699999999991,0,71.40815497715927,18.998766184086904,29
Japan,Tokyo,Yokohama,gpt2-xl,48,no_competitor,5.1796575,6.297757,1.0,0.02,-1.7634737,-6.0388794,3.6784123,5.1109496000000005,248.2511296,0,0.0,0.0,0.020833333333333332,19.983555014834593,28,260.07049664,20,212.52293935999995,0.0,0,130.8836001321484,9.053972004356549,30
Korea,Seoul,Busan,gpt2-xl,49,no_competitor,5.318611,6.460595,1.0,0.002777777777777778,-1.8501905,-8.146877,3.2996055,3.3254699999999993,259.89820665999997,0,0.0,0.0,0.020833333333333332,16.17639690168106,32,302.624276003,29,209.59007389700005,0.0,29,222.81595106399766,34.63369212116675,29
Russia,Moscow,Saint Petersburg,gpt2-xl,50,no_competitor,5.1606092,6.4323955,1.0,0.002680965147453083,-1.9132848,-8.151183,1.8924389000000001,-0.40589599999999937,272.83528309999997,0,0.40589599999999937,0.40589599999999937,0.5416666666666666,17.523659139297294,30,297.66871674000004,28,136.25847826000003,1.1044114,30,186.1780562092298,29.34641690599091,30
Spain,Madrid,Barcelona,gpt2-xl,51,no_competitor,5.167341,6.3831635,1.0,0.03125,-1.8106269,-5.5487623,2.3923207,1.1200866999999999,290.336482,0,0.0,0.0,0.020833333333333332,19.357172444137543,29,232.26095965000002,20,88.28362115,0.0,38,58.11359959979981,20.00810137781643,38
Sweden,Stockholm,Gothenburg,gpt2-xl,52,no_competitor,4.6414585,6.326776,1.0,0.00046948356807511736,-1.2876135,-10.195322,2.2409829,1.5713459999999984,260.77718324,0,0.0,0.0,0.020833333333333332,17.424472514909603,30,349.17799693999996,28,165.79756225999998,0.0,34,165.6678439150628,25.41622483124672,34
United Kingdom,London,Birmingham,gpt2-xl,53,no_competitor,5.248771,6.227587,1.0,0.043478260869565216,-1.8134191,-5.389697,4.1148199,3.0910729999999997,287.1417462,0,0.0,0.0,0.020833333333333332,20.12436904055797,28,219.65557246,20,126.30790674000004,0.0,0,102.82306736876157,18.0522003339915,33
Arizona,Phoenix,Tucson,gpt2-xl,54,no_competitor,5.152651,6.5214653,1.0,0.0014367816091954023,-2.0438333,-8.8172035,1.3253903,-0.38891650000000055,280.7886568,0,1.6002790000000005,1.6002790000000005,0.7916666666666666,15.181300608479138,46,314.5234835,28,13.9805191,12.024275299999998,22,44.41224840399719,38.10400989032191,22
Colorado,Denver,Colorado Springs,gpt2-xl,55,no_competitor,5.534519,6.4489355,0.3333333333333333,0.003125,-3.266929,-8.056126,0.7472180000000002,-2.013288000000001,274.1985475,0,3.1904947000000003,3.1904947000000003,0.7291666666666666,13.997214665444488,33,297.95755305,28,7.6161099,60.2606386,23,31.41694114069209,31.575823453686045,34
Georgia,Atlanta,Augusta,gpt2-xl,56,no_competitor,4.8340545,6.239527,0.034482758620689655,0.00037750094375235937,-5.419404,-10.5219345,1.4875283999999995,0.07120450000000034,266.7850753,0,0.30224899999999977,0.30224899999999977,0.5416666666666666,6.07912710918821,30,344.42455370000005,28,126.45389449999999,0.30224899999999977,28,87.97848375003794,34.36306134846635,33
Hawaii,Honolulu,Hilo,gpt2-xl,57,no_competitor,5.095942,6.286996,0.5,0.001443001443001443,-2.273062,-8.89923,1.5289674,-2.070715999999999,267.132843,0,5.7356573,4.85381,0.6041666666666666,17.378631737776363,30,334.06823499000006,28,92.09355471,101.2067265,28,184.07625474556514,50.09122696726579,28
Idaho,Boise,Meridian,gpt2-xl,58,no_competitor,4.8206444,6.5536466,1.0,0.002512562814070352,-1.6199155,-8.223497,7.1959645,1.9818599999999993,261.78588449999995,0,3.0770019999999985,2.2640449999999994,0.3958333333333333,13.647654374857161,37,335.39399054,28,141.03207576,30.908021499999993,28,150.7904876866538,17.18566787210328,35
Massachusetts,Boston,Worcester,gpt2-xl,59,no_competitor,5.285733,6.018982,0.3333333333333333,0.0029239766081871343,-2.7937834,-8.197052,4.1101711000000005,3.8844790000000007,305.4446369,0,0.0,0.0,0.020833333333333332,12.594524860567038,32,305.6673492,28,170.12523750000005,0.0,28,92.59204431023886,17.298428140665205,29
Ohio,Columbus,Cleveland,gpt2-xl,60,no_competitor,5.577844,6.354698,1.0,0.0029239766081871343,-2.223785,-8.067637,1.9251565000000004,-1.3609585999999991,297.5906269,0,1.3641596000000007,1.3641596000000007,0.7291666666666666,11.950900233921747,33,274.9922894,27,16.320935,12.5733192,15,49.47804935863034,48.005526105494454,8
Rhode Island,Providence,Warwick,gpt2-xl,61,no_competitor,4.4420543,6.2400875,1.0,0.0006157635467980296,-1.2026377,-9.901506,4.2990069,3.049945000000001,257.06506472,0,0.0,0.0,0.020833333333333332,13.793062794260283,37,342.03660592,27,207.55371857999995,0.0,28,128.3252833718906,22.30563415466485,28
Tennessee,Nashville,Memphis,gpt2-xl,62,no_competitor,4.979593,6.198232,0.3333333333333333,0.0005515719801434088,-2.7984817,-10.072039,2.2926667,1.024782,283.90218450000003,0,0.9220279999999992,0.0,0.22916666666666666,12.599752979148583,30,351.516802,28,67.8065862,2.9617080000000016,33,73.23690538534782,14.75526180267451,33
Australia,Canberra,Sydney,gpt2,1,has_competitor,7.3699284,6.2255154,0.004132231404958678,0.0006747638326585695,-7.736475,-9.843108,-0.9743576000000003,1.1415659999999992,83.80415280000001,4,0.0,0.0,1.0,0.11655497266235007,8,115.146181,8,4.909062,1.9926066000000002,4,1.5174423211442831,0.0,3
Brazil,Brasilia,Rio de Janeiro,gpt2,2,has_competitor,7.267497,6.20148,0.006756756756756757,0.00028694404591104734,-7.2593403,-10.919347,-0.5174026999999999,-1.089500000000001,83.42910370000001,4,1.6911033,1.6911033,1.0,0.12086579569473284,8,122.20674970000002,8,1.4120613999999998,8.5807551,9,2.3186495625660927e-15,2.2607077266052946,4
Canada,Ottawa,Toronto,gpt2,3,has_competitor,7.2311325,6.226779,0.004424778761061947,0.0005070993914807302,-7.6440363,-10.198403,-0.7965013000000001,0.7697309999999984,83.2875524,4,0.0,0.0,1.0,0.06098611291072137,8,115.72657459999999,8,1.8385469999999984,1.8528275999999977,4,1.7857037409217003e-15,0.0,4
India,New Delhi,Mumbai,gpt2,4,has_competitor,7.184228,6.198229,0.02127659574468085,0.00078064012490242,-6.186694,-9.650534,1.3202439999999998,2.225626,81.8811433,4,1.3820227000000003,1.3820227000000003,0.9166666666666666,0.06005594140662597,9,106.0017547,3,18.2442408,1.3820227000000003,0,3.940715162903131,0.0,3
Morrocco,Rabat,Marrakesh,gpt2,5,has_competitor,7.1970224,6.150087,0.0003116235587410408,7.728572532653218e-05,-10.362299,-12.785909,-2.9667664,-3.0305180000000007,83.0769037,4,0.7889346000000002,0.7889346000000002,1.0,0.0010226911525617996,10,150.851306,0,0.0,30.761968700000004,9,3.1209915107345545e-15,0.0,2
New Zealand,Wellington,Auckland,gpt2,6,has_competitor,7.4325275,6.118616,0.006993006993006993,0.00032278889606197545,-7.252629,-10.828297,-0.5271226999999996,0.7727330000000006,83.64617660000002,4,0.9705484000000002,0.9705484000000002,1.0,0.05529152618685667,8,120.43201769999999,8,5.972956999999997,4.0919792999999975,2,2.0651570714502888e-15,0.09886571701333859,2
Pakistan,Islamabad,Karachi,gpt2,7,has_competitor,7.025733,6.1267605,0.010752688172043012,0.0004,-6.767516,-10.535586,0.6174623000000006,2.1744179999999993,82.9864238,4,0.0,0.0,0.08333333333333333,0.47384526905774754,8,111.684014,8,18.957305299999994,0.0,4,1.7421264944830176e-15,0.0,4
South Africa,Pretoria,Johannesburg,gpt2,8,has_competitor,7.394517,6.0644755,0.0014771048744460858,5.633485437440144e-05,-8.733225,-13.919371,-1.3928151999999994,-1.2993159999999992,82.9495296,4,1.1748878000000023,1.0277608000000011,1.0,0.004579873352958658,8,147.20101500000004,8,0.0,19.4150992,0,2.6632249438009537e-15,0.0,8
Switzerland,Bern,Zurich,gpt2,9,has_competitor,7.1328893,6.3147864,0.0015600624024961,0.00016490765171503957,-8.710824,-11.781943,-0.7885055000000003,-0.9377820000000003,83.6814413,4,1.8994485,1.8994485,1.0,0.0058079573181409015,9,132.678144,8,2.5657039999999984,11.545043100000001,9,3.1594272215441438e-15,1.6573138871856277,5
Turkey,Ankara,Istanbul,gpt2,10,has_competitor,6.8499384,5.9600587,0.006578947368421052,0.0004928536224741252,-7.2929325,-10.298247,-0.0933837999999998,0.4998699999999996,82.0810115,10,0.6918582000000004,0.0,1.0,0.6518779232179586,8,106.76498470000001,8,7.792093699999999,0.8786258,0,5.51774587858387,1.203627339550595,8
United Arab Emirates,Abu Dhabi,Dubai,gpt2,11,has_competitor,6.8235598,5.997223,0.006369426751592357,0.00035932446999640676,-7.36623,-10.772799,0.8184184999999999,1.1702780000000015,81.4749001,4,0.0050709999999991595,0.0050709999999991595,0.6666666666666666,0.06756630374245565,8,117.32887930000001,8,10.6193002,0.0050709999999991595,0,1.8839077465616266e-15,4.890708500086561,5
Alabama,Montgomery,Birmingham,gpt2,12,has_competitor,7.2825174,6.2148495,0.0038314176245210726,0.0004344048653344917,-7.828388,-10.366015,-0.7214660000000004,0.4010359999999995,83.9603584,4,0.22690759999999965,0.22690759999999965,1.0,0.020618667601296117,8,116.8944936,8,9.526858,3.101774,9,1.6286293969837678e-15,0.0,3
Alaska,Juneau,Anchorage,gpt2,13,has_competitor,7.3254194,6.3424788,0.0006406149903907751,0.0003057169061449098,-9.548041,-10.809314,-1.6294093999999992,1.9637960000000003,84.92595860000002,4,1.6505316000000008,1.6505316000000008,1.0,0.004056035702466032,7,128.666418,0,13.505329000000001,8.2399534,0,4.371364300717548e-15,0.0,8
California,Sacramento,Los Angeles,gpt2,14,has_competitor,7.361261,6.3102665,0.004975124378109453,0.00019083969465648855,-7.5849457,-11.454878,-1.378151,-1.246461,84.4131302,4,0.7045784999999993,0.34045600000000054,1.0,0.03148815944404883,8,125.43573780000001,5,0.0,15.568629999999995,0,9.2700999820962e-16,4.741320175651453,7
Connecticut,Hartford,Bridgeport,gpt2,15,has_competitor,7.357012,6.3464932,0.002369668246445498,0.00011596892032935173,-8.274133,-12.221234,1.0235135,-1.1077105000000014,84.6168557,10,1.3038340000000002,1.3038340000000002,0.5833333333333334,0.014576569465009258,8,133.5163165,8,6.429804,3.960742500000004,8,2.901193603347473e-15,0.0,8
Delaware,Dover,Wilmington,gpt2,16,has_competitor,7.264642,6.3271427,0.000856898029134533,0.00011641443538998836,-9.228505,-12.2291,-1.102836,0.08508199999999988,83.57417609999999,4,5.193760500000002,0.575628,1.0,0.003382863697279454,9,147.97360200000003,8,0.10568899999999992,17.981126800000002,0,3.029312240223413e-15,0.0,3
Florida,Tallahassee,Jacksonville,gpt2,17,has_competitor,7.396899,6.394377,0.004310344827586207,0.0003755163349605708,-7.7042093,-10.459905,0.555656700000001,0.8418990000000015,84.90153160000001,4,0.7132164000000012,0.7132164000000012,0.9166666666666666,0.013567335498743067,9,129.29007190000002,8,5.686486500000003,1.7851119000000013,9,3.101956991820853e-15,0.0,1
Illinois,Springfield,Chicago,gpt2,18,has_competitor,7.3633404,6.305256,0.003472222222222222,0.00048216007714561236,-7.896105,-10.203678,-1.327019,-1.437469,84.34023540000001,4,1.3650199999999995,0.24169700000000027,1.0,0.024917266312572448,8,116.8416017,5,0.0,17.3640997,0,1.6421319437387522e-15,0.0,2
Kansas,Topeka,Wichita,gpt2,19,has_competitor,7.429642,6.332023,0.001584786053882726,0.0002271178741766977,-8.641688,-11.136028,-0.9430310000000004,1.4999870000000008,84.31000859999999,4,2.3366777999999986,2.3366777999999986,1.0,0.005577725480626308,9,125.48843950000001,3,15.899791,6.180058,9,4.325203599496551e-15,0.0,8
Kentucky,Frankfort,Louisville,gpt2,20,has_competitor,7.3699875,6.3333273,0.0011363636363636363,0.00016688918558077436,-8.965369,-11.623945,-1.6920393000000011,-0.30247950000000046,84.1501878,4,1.1484241999999991,1.1484241999999991,1.0,0.004485973420447755,10,132.801824,0,1.0704220000000042,9.687263800000002,10,2.947359507360785e-15,0.0,8
Louisiana,Baton Rouge,New Orleans,gpt2,21,has_competitor,7.2694874,6.2406197,0.0032679738562091504,8.231807704972011e-05,-7.9299407,-12.920329,-1.8336563000000003,-4.103432,83.8626794,4,3.5329116999999988,3.5329116999999988,1.0,0.01888152558947631,8,139.6427454,8,0.0,38.3987833,8,2.9853936328000763e-15,0.0,2
Maine,Augusta,Portland,gpt2,22,has_competitor,7.4081106,6.391225,0.0017035775127768314,0.00015332720024532353,-8.57247,-11.69552,-1.608421599999999,-0.9767069999999993,84.9092338,10,1.2813614000000006,0.34507740000000187,1.0,0.010967955052828588,8,132.30019000000001,5,0.0,18.6850451,2,2.9014423257245226e-15,0.0,4
Maryland,Annapolis,Baltimore,gpt2,23,has_competitor,7.3243136,6.3473606,0.005681818181818182,0.0037174721189591076,-7.43699,-7.742292,-1.1052399999999993,0.9217839999999997,84.57811129999999,10,4.500357999999999,1.3328263000000007,1.0,0.04846803550768319,5,110.03045619999999,0,2.8774522000000005,15.689805,0,3.623816912125483e-15,0.0,2
Michigan,Lansing,Detroit,gpt2,24,has_competitor,7.3937116,6.3827295,0.001937984496124031,0.00020567667626491157,-8.444389,-11.343953,-1.7934642999999992,-2.1648520000000016,84.68973380000001,4,1.485632700000001,1.3357067000000002,1.0,0.017119490726297957,8,133.854164,8,0.0,28.055008100000002,8,1.84696019952208e-15,0.0,1
Minnesota,St. Paul,Minneapolis,gpt2,25,has_competitor,7.3900404,6.3062057,0.02631578947368421,0.0007137758743754461,-5.950589,-9.666345,1.6185,0.8038900000000009,84.2790784,10,5.04848,0.9414902999999999,0.9166666666666666,0.05844323640734354,9,113.98468799999999,0,7.959333700000003,6.448327299999999,0,3.5192167443295505e-15,0.0,2
Montana,Helena,Billings,gpt2,26,has_competitor,7.41374,6.387581,0.0007898894154818325,4.097688903458449e-05,-9.317117,-14.523701,-1.4525989999999993,-5.689577000000002,84.7622901,4,4.359111000000002,4.359111000000002,1.0,0.002413864155972154,9,160.31488900000002,8,0.1050210000000007,44.129765,8,3.294947532451929e-15,0.7471223478619422,2
Nebraska,Lincoln,Omaha,gpt2,27,has_competitor,7.3721843,6.2943344,0.010869565217391304,0.0018281535648994515,-6.8399563,-8.579898,1.0365216999999998,3.1999080000000006,84.4407419,4,0.0,0.0,0.08333333333333333,0.07159324879088486,8,107.3633904,0,26.795050000000003,0.0,3,2.1398266176822408e-15,0.0,3
Nevada,Carson City,Las Vegas,gpt2,28,has_competitor,7.329749,6.3799343,0.0016474464579901153,0.00027948574622694243,-8.627565,-10.891972,-2.7099606000000005,-0.3297085000000006,85.03134969999999,4,0.0,0.0,1.0,0.008824614949934266,8,126.290188,8,5.339862000000002,8.715796099999999,2,2.4633319288022368e-15,0.0,4
New Hampshire,Concord,Manchester,gpt2,29,has_competitor,7.3805485,6.1926527,0.001004016064257028,3.9614942756407714e-05,-9.072427,-14.799045,-0.688934999999999,-4.622964,83.4024186,4,3.9340290000000007,3.9340290000000007,1.0,0.0025752064535662974,8,160.378908,0,0.0,34.337742000000006,5,2.136848659108057e-15,0.4663056512539811,4
New Jersey,Trenton,Newark,gpt2,30,has_competitor,7.440624,6.30707,0.0013679890560875513,0.0003114294612270321,-8.760498,-10.768577,-1.0371394,-0.2624620000000011,84.5787548,10,1.5941315999999999,0.7344009000000007,1.0,0.00893836125458436,8,126.24149849999999,5,2.127606499999999,9.007097900000002,0,3.0417780377026685e-15,0.0,4
New Mexico,Santa Fe,Albuquerque,gpt2,31,has_competitor,7.3206,6.241514,0.0032258064516129032,0.0005675368898978433,-7.958516,-10.007519,-0.14230330000000002,2.3155590000000004,84.4873416,4,0.4537506999999996,0.4537506999999996,1.0,0.028276205612728235,8,114.78632199999998,5,19.4060994,1.4711572999999998,0,3.769931075115166,1.302271869902948,3
New York,Albany,New York,gpt2,32,has_competitor,7.45704,6.0760775,0.0014705882352941176,0.00023020257826887662,-8.732386,-11.235699,-3.184411,-2.5657429999999994,83.69206880000002,4,2.008791500000002,0.5370569999999999,1.0,0.014426645826027438,8,133.2763337,5,0.0,36.0033362,5,1.9121692937696186e-15,3.191141554331791,0
North Carolina,Raleigh,Charlotte,gpt2,33,has_competitor,7.253007,6.2416716,0.0047169811320754715,0.00013283740701381508,-7.611432,-12.1353245,-0.7418209999999998,-1.1767465000000001,83.47205209999998,4,1.0030450000000002,0.8409309999999994,1.0,0.024732931181294993,8,130.6356649,8,1.9149570000000011,10.479527899999999,3,2.000508123862643e-15,0.0,1
North Dakota,Bismarck,Fargo,gpt2,34,has_competitor,7.1713467,6.191084,0.012195121951219513,0.002421307506053269,-6.7298956,-8.260876,2.3236374,6.446693,82.69407700000001,4,3.257839999999998,0.0,0.16666666666666666,0.048003763405910435,9,103.6593083,0,48.4747317,3.257839999999998,0,4.8190576629956585e-15,0.0,0
Oregon,Salem,Portland,gpt2,35,has_competitor,7.4302864,6.373534,0.001996007984031936,5.948132286462051e-05,-8.429694,-13.551324,-1.8372113999999993,-2.973839999999999,84.9309841,4,1.5259899000000017,1.5259899000000017,1.0,0.006081626667802025,8,135.9002545,5,0.35912700000000086,25.780800899999996,2,4.244225729520907e-15,0.0,4
Pennsylvania,Harrisburg,Philadelphia,gpt2,36,has_competitor,7.4134636,6.442183,0.0038314176245210726,0.0002463661000246366,-7.826082,-11.059355,-0.9791334000000003,-1.5092390000000009,85.0722389,10,3.1412505999999993,1.4369540999999995,1.0,0.012836409492193255,9,127.65082629999998,0,0.0,22.548714600000004,0,2.433375984917724e-15,0.0,5
South Dakota,Pierre,Sioux Falls,gpt2,37,has_competitor,7.3294735,6.2004514,0.00014585764294049007,0.00012851818532322323,-11.172471,-12.143896,-2.5641560000000005,2.288049000000001,83.2785088,4,0.5508112999999986,0.5508112999999986,1.0,0.0015574585628026787,6,141.884555,3,15.5285245,9.2815269,2,4.904466515821403e-15,0.0,8
Texas,Austin,Houston,gpt2,38,has_competitor,7.2950745,6.237179,0.009900990099009901,0.0036900369003690036,-6.9063015,-7.8122997,0.05727390000000021,1.5345483,83.97196880000001,10,0.31733099999999936,0.0,0.3333333333333333,0.16425526807892932,8,98.61858579999999,3,5.117470000000002,0.4269189999999998,3,2.139745850525354e-15,0.0,3
Vermont,Montpelier,Burlington,gpt2,39,has_competitor,7.3444357,6.365648,0.0013550135501355014,0.00011868027533823879,-8.782694,-12.178137,-0.9285884999999992,-1.8224850000000004,84.17180809999999,10,1.1530748000000015,1.1530748000000015,1.0,0.00468258314099817,9,136.7245755,5,0.6501140000000021,12.056340299999999,7,3.0824311393694225e-15,0.0,8
Virginia,Richmond,Virginia Beach,gpt2,40,has_competitor,7.3751297,6.3771877,0.005,0.0001278118609406953,-7.588184,-12.022205,-1.2813720000000002,-2.9077409999999997,84.6533628,4,1.6263689999999995,1.6263689999999995,1.0,0.03195744141429344,8,124.20759830000002,5,0.0,21.810897100000002,5,1.702883339210573e-15,0.0,4
Washington,Olympia,Seattle,gpt2,41,has_competitor,7.3387704,6.035597,0.0004854368932038835,8.791208791208791e-05,-9.847278,-12.850172,-2.434280799999999,-3.796076000000001,83.4499349,4,3.7375292000000018,1.791801900000002,1.0,0.0015170935465699646,10,153.1286295,3,0.0,48.15695109999999,0,2.8987009290326516e-15,0.0,5
Wisconsin,Madison,Milwaukee,gpt2,42,has_competitor,7.40474,6.2621975,0.012345679012345678,0.0007686395080707148,-6.725318,-9.604473,0.3974074999999999,1.2134339999999995,84.16769980000001,4,0.6037710000000001,0.0,0.3333333333333333,0.09712877511108697,8,109.4162973,5,10.929351200000003,0.6037710000000001,2,1.5052817752371332,0.0,3
Austria,Vienna,Graz,gpt2,43,no_competitor,7.114069,6.141354,0.00546448087431694,0.000554016620498615,-7.535753,-10.064077,-1.3249819999999994,-2.0820394999999996,83.24801810000001,4,2.2230640000000017,2.2230640000000017,1.0,0.16360768398743716,8,109.58852900000001,8,7.600383300000001,17.449820100000004,8,2.241305003424823,0.054282274896332514,5
Egypt,Cairo,Alexandria,gpt2,44,no_competitor,7.057986,5.997685,0.015625,0.00037064492216456633,-6.4436655,-10.676695,1.1902542,1.5429049999999993,82.61401059999999,4,1.1627790000000005,0.0,0.25,0.33322345413541865,8,112.38769260000001,8,10.9456114,1.6302665000000012,8,2.0697996987651393,0.0,3
France,Paris,Marseille,gpt2,45,no_competitor,7.2349052,6.0647454,0.023809523809523808,0.0007309941520467836,-6.072011,-9.769678,2.295433000000001,2.991510999999999,83.2928328,4,0.0453374999999987,0.0,0.16666666666666666,0.37718921703198116,8,104.6402756,5,27.924966400000002,0.0453374999999987,0,5.595598694216224,0.0,5
Germany,Berlin,Hamburg,gpt2,46,no_competitor,7.251204,6.036815,0.02127659574468085,0.0023094688221709007,-6.154564,-8.341561,1.7094114999999999,2.802071999999999,82.2404467,4,0.0,0.0,0.08333333333333333,0.6706741613647924,8,96.6565679,8,26.689747599999997,0.0,2,3.855269676805236,0.0,3
Italy,Rome,Milan,gpt2,47,no_competitor,7.25262,6.208438,0.038461538461538464,0.0009900990099009901,-5.6884933,-9.324461,0.7163313999999996,0.7128800000000002,83.79127400000002,4,1.6005640000000003,0.0,0.16666666666666666,0.37688547339989514,8,105.60013670000002,8,5.813816500000001,1.6005640000000003,0,1.8427219058016386e-15,0.0,1
Japan,Tokyo,Yokohama,gpt2,48,no_competitor,7.203577,6.2405376,0.017241379310344827,0.0007163323782234957,-6.270115,-9.743342,3.274399,6.34933,82.8526973,4,0.0,0.0,0.08333333333333333,0.3546000553030946,8,109.3417921,8,57.6405349,0.0,2,1.1097282071657841,0.0,3
Korea,Seoul,Busan,gpt2,49,no_competitor,6.969614,6.1396656,0.007692307692307693,0.0009578544061302681,-7.082815,-9.388009,1.4902189999999997,1.906222999999999,81.84771090000001,4,0.9074229999999996,0.0,0.16666666666666666,0.2991754125625001,8,106.42100640000001,8,26.984591599999995,0.9074229999999996,5,7.724482205447453,0.0,3
Russia,Moscow,Saint Petersburg,gpt2,50,no_competitor,7.165421,6.1727324,0.012658227848101266,0.0008833922261484099,-6.6540213,-9.445521,1.8854527,1.3916010000000014,82.59998189999999,8,0.8474740000000001,0.0,0.16666666666666666,0.7175454706413882,8,104.99974050000002,8,22.539489000000003,0.8474740000000001,8,1.1637990734699875,0.7985880331659893,5
Spain,Madrid,Barcelona,gpt2,51,no_competitor,7.10076,6.114401,0.02127659574468085,0.00066711140760507,-6.066353,-9.852885,0.22088599999999925,0.040421999999999514,82.92004139999999,4,0.08958099999999902,0.08958099999999902,0.4166666666666667,0.4401772001292197,8,106.8784804,8,5.230618999999998,0.08958099999999902,5,3.014097142253415,0.0,3
Sweden,Stockholm,Gothenburg,gpt2,52,no_competitor,7.3226595,6.2268386,0.005649717514124294,0.00012851818532322323,-7.4058228,-12.151398,0.9397121999999998,0.886080999999999,83.9285241,4,0.0,0.0,0.08333333333333333,0.12157672633570461,8,127.7320348,8,18.366124199999998,0.0,8,0.27727804720698984,0.0,3
United Kingdom,London,Birmingham,gpt2,53,no_competitor,7.1558027,6.1937203,0.047619047619047616,0.000925925925925926,-5.447732,-9.412434,2.4341507,3.0570710000000005,83.01545469999999,4,0.0,0.0,0.08333333333333333,0.3249632271607527,8,102.86595890000001,8,29.950437800000003,0.0,0,1.3868777907785075,0.0,3
Arizona,Phoenix,Tucson,gpt2,54,no_competitor,7.300644,6.36719,0.012048192771084338,0.0002339728591483388,-6.6952915,-11.118351,0.8220139,0.2018299999999993,84.95187220000001,10,0.6657583000000002,0.6657583000000002,1.0,0.03726544306155796,9,118.48605639999998,8,10.6538404,0.8556703999999993,10,2.2470622165686324e-15,0.06996747745075314,8
Colorado,Denver,Colorado Springs,gpt2,55,no_competitor,7.373256,6.368598,0.014492753623188406,0.0019011406844106464,-6.585106,-8.545521,-0.08381659999999957,0.18692499999999868,84.4552666,4,0.4013290000000005,0.4013290000000005,1.0,0.1720104380121966,8,99.1280703,8,4.1264252999999975,1.6342928000000017,10,1.3562181077912643e-15,0.0,0
Georgia,Atlanta,Augusta,gpt2,56,no_competitor,7.4042068,6.2542315,0.008771929824561403,0.0003399048266485384,-7.030244,-10.669096,1.7162930000000003,1.3907179999999997,84.3740397,4,0.0,0.0,0.08333333333333333,0.06709678558762175,8,119.03716519999999,8,15.681937099999999,0.0,7,1.923102177271123e-15,0.0,7
Hawaii,Honolulu,Hilo,gpt2,57,no_competitor,7.4128275,6.2694845,0.004651162790697674,0.00020483408439164277,-7.682146,-11.373549,-2.008438,-3.597258000000001,84.45482080000001,4,3.443764,3.295974,1.0,0.04528231802922118,8,125.05166270000001,8,2.5754452,31.683145500000002,8,4.92194740702805,0.0,1
Idaho,Boise,Meridian,gpt2,58,no_competitor,7.405688,6.3141656,0.00425531914893617,0.00014027212792818068,-7.7267504,-11.915523,2.3363116,1.1685800000000004,84.47416129999999,4,0.0,0.0,0.08333333333333333,0.043521730643880326,8,129.0017751,8,21.094793900000006,0.0,8,3.3499604131685348e-15,0.0,8
Massachusetts,Boston,Worcester,gpt2,59,no_competitor,7.366766,6.332342,0.02127659574468085,0.0005595970900951316,-6.2374954,-9.989886,2.1229625999999993,2.6485079999999996,84.49210829999998,10,0.0,0.0,0.08333333333333333,0.1072974977924069,8,108.45526140000001,8,31.2396551,0.0,1,2.1888798856162556e-15,0.0,5
Ohio,Columbus,Cleveland,gpt2,60,no_competitor,7.340311,6.3499217,0.014285714285714285,0.0006009615384615385,-6.636841,-9.893951,0.11598949999999952,-0.6101960000000002,84.1826505,4,3.0747719999999994,1.873861999999999,0.9166666666666666,0.06657326181484545,8,117.60428220000001,5,0.27276969999999956,11.5807204,0,1.9132615498197062e-15,0.0,4
Rhode Island,Providence,Warwick,gpt2,61,no_competitor,7.4027424,6.2635827,0.004366812227074236,8.528057308545113e-05,-7.7219925,-12.837585,2.944206500000001,2.1638859999999998,83.9496143,4,0.0,0.0,0.08333333333333333,0.01545590130074461,8,137.9823644,8,26.079934100000003,0.0,8,2.4777418879581254e-15,0.0,8
Tennessee,Nashville,Memphis,gpt2,62,no_competitor,7.443333,6.3935328,0.005813953488372093,0.0003007518796992481,-7.398533,-10.7365055,0.39039600000000085,-0.7469885000000005,84.6198974,4,1.6470470000000006,0.8922809999999988,0.6666666666666666,0.03816915133537587,8,122.16322430000001,5,2.820127900000002,5.613045499999998,0,1.710881641386518e-15,0.0,0
