profession,correct,incorrect,model,item_id,condition,output_entropy,midpoint_entropy,output_rank_correct,midpoint_rank_correct,output_logprob_correct,midpoint_logprob_correct,output_logprobdiff,midpoint_logprobdiff,auc_entropy,layer_biggest_change_entropy,twostage_magnitude,twostage_magnitude_latter34,twostage_layer,auc_rank_correct,layer_biggest_change_rank_correct,auc_logprob_correct,layer_biggest_change_logprob_correct,auc_logprobdiff_pos,auc_logprobdiff_neg,layer_biggest_change_logprobdiff,auc_boosting_pos,auc_boosting_neg,layer_argmax_boosting
CEO,man,woman,Llama-2-13b-hf,0,consistent,6.877787,6.300383,0.25,0.3333333333333333,-4.0880613,-3.236725,0.6881142000000002,1.0470437000000006,277.8522702,15,1.4372034,1.4372034,0.55,12.036603435994117,13,170.50676399999998,10,56.20210550000001,2.7365690000000003,12,82.42773465528707,38.20196725845614,33
CEO,woman,man,Llama-2-13b-hf,1,inconsistent,6.8779488,5.8534,0.25,0.25,-4.1674643,-3.4580564,0.1437797000000005,-0.3164228999999996,272.4417602,15,1.9976559999999992,1.7618189999999996,1.0,8.189993516942964,11,183.9442317,15,13.952396600000004,22.124584399999996,15,49.74187650255288,70.72733973724861,19
accountant,woman,man,Llama-2-13b-hf,2,consistent,7.1791153,6.557154,0.25,0.3333333333333333,-4.3096905,-3.7753308,-0.2328682000000004,0.032711500000000004,286.283962,15,0.9122597999999997,0.9122597999999997,1.0,11.532421145735174,15,181.1228471,15,16.713879199999997,12.947121999999998,15,52.88239948108884,79.93765513898154,26
accountant,man,woman,Llama-2-13b-hf,3,inconsistent,7.160454,6.8496737,1.0,0.3333333333333333,-3.5248363,-3.4636881,1.8680803999999998,1.9873989,289.37657160000003,36,1.569118,1.569118,0.4,20.31992963704343,36,168.40156710000002,36,70.6827126,5.4031682,14,97.6064381742241,20.56364303413598,33
analyst,man,woman,Llama-2-13b-hf,4,consistent,7.259888,7.1343765,1.0,0.25,-3.6590698,-4.0673995,2.1271002,1.9951057000000008,295.0208222,36,0.7048950000000005,0.6128096999999997,0.4,9.29021687367689,36,187.4540518,36,78.0713897,1.9352706,0,105.70608873937678,16.24539385106755,33
analyst,woman,man,Llama-2-13b-hf,5,inconsistent,7.3138227,6.751359,0.25,0.2,-4.5883374,-4.2678595,-0.20750440000000037,0.5012311999999994,294.1640801,15,1.486349999999999,1.486349999999999,1.0,5.456170805830325,11,215.2386613,9,11.6759524,20.212831899999998,9,38.010602822393466,75.61917309457507,26
assistant,woman,man,Llama-2-13b-hf,6,consistent,7.239611,6.0524187,0.2,0.3333333333333333,-4.510833,-3.489951,0.0045679999999999055,0.7749130000000002,287.713087,15,1.0450213000000002,1.0450213000000002,1.0,9.593213925341278,13,189.818927,9,22.0626331,8.9904251,9,52.87934134790773,74.67733277020814,26
assistant,man,woman,Llama-2-13b-hf,7,inconsistent,7.4104295,7.098637,1.0,1.0,-4.0721946,-3.5287762,1.2344998999999994,1.9396372000000004,299.77328520000003,36,2.4931256,2.4931256,0.425,19.028101785935874,36,185.929083,36,59.05513169999999,7.5793935,14,98.1424445555246,22.32187097517258,33
attendant,woman,man,Llama-2-13b-hf,8,consistent,7.0731893,6.605393,0.5,0.3333333333333333,-3.9838624,-3.4138238,0.1316206000000002,0.7253782000000002,282.3214183,15,1.0316987000000006,0.6888679999999998,1.0,15.67129037571857,26,178.3536105,15,21.221195300000005,7.938281500000001,12,57.02052462400505,79.65506410219812,26
attendant,man,woman,Llama-2-13b-hf,9,inconsistent,7.2017765,6.6063275,1.0,0.3333333333333333,-3.6666682,-3.540237,1.5255657999999999,2.5861644,286.5355664,15,1.3556299999999997,1.3556299999999997,0.4,17.590971269431506,36,172.53934350000003,14,75.05818610000001,3.2104489999999988,14,103.01140684121293,21.45322451165675,33
auditor,woman,man,Llama-2-13b-hf,10,consistent,7.176954,6.5018167,0.1111111111111111,0.043478260869565216,-4.9955454,-5.3208694,-0.7352954,-1.3228944000000005,286.6590502,20,1.8033796,1.8033796,1.0,2.645113357972434,15,223.62132860000003,15,3.9582440000000005,35.78267530000001,15,35.94931526974097,80.92148215383506,15
auditor,man,woman,Llama-2-13b-hf,11,inconsistent,7.148163,6.6996727,1.0,0.25,-3.7891908,-3.7661803,1.5969676999999995,1.4632757,288.9867009,36,0.7251246,0.0,0.2,13.60132488185859,36,178.652819,36,69.69849440000002,1.1496042000000006,14,94.02732312037878,19.343892206953306,33
baker,woman,man,Llama-2-13b-hf,12,consistent,6.8605666,6.1896644,1.0,0.5,-3.6111813,-3.1330144,0.4411106999999994,1.5754835999999997,272.1427788,15,0.7496480999999999,0.1547746000000001,0.975,19.33232718229346,26,159.14195569999998,15,38.80903620000001,2.1867410000000005,15,66.23325858049293,77.60639042695539,26
baker,man,woman,Llama-2-13b-hf,13,inconsistent,6.8415337,6.479893,1.0,0.14285714285714285,-3.230221,-4.090734,1.6328,1.3782587,277.6533727,36,1.8217140000000005,1.8217140000000005,0.4,14.526183966020472,33,170.4821853,33,63.5503139,5.313542700000001,14,108.14648795302803,27.50354606021919,33
carpenter,man,woman,Llama-2-13b-hf,14,consistent,6.8976703,6.867959,1.0,0.3333333333333333,-3.268005,-3.7267952,2.2170867,1.3594503000000002,282.8394235,26,1.8355963000000002,1.8355963000000002,0.4,19.946822499756014,15,166.7468237,14,74.02022759999998,5.3758134,14,113.78756157950095,24.524771348765785,33
carpenter,woman,man,Llama-2-13b-hf,15,inconsistent,7.075611,6.454562,0.5,0.16666666666666666,-4.1475735,-4.0292053,-0.2765198,0.0970430999999996,285.80545129999996,15,1.1162816999999996,1.1162816999999996,1.0,10.636235983725747,15,180.45376589999998,15,21.540446899999996,14.512617900000002,15,46.52573963327115,83.66333830304069,26
cashier,woman,man,Llama-2-13b-hf,16,consistent,6.646912,4.4387584,0.125,0.07142857142857142,-4.317386,-4.976286,-0.032657500000000006,-1.0537676999999999,252.1525201,17,1.5571118,1.5571118,1.0,7.263901628946989,15,187.5331628,7,15.555679300000005,16.154892099999998,11,46.5733060185915,71.81567331902646,26
cashier,man,woman,Llama-2-13b-hf,17,inconsistent,6.940096,6.453367,1.0,0.5,-3.6988893,-3.063809,0.8900996999999999,1.6671022999999998,278.17798519999997,15,1.9577451,1.9577451,0.425,19.804059851970663,36,165.1658581,14,44.51255449999999,5.4012489,15,87.78188282092887,30.503237493945278,33
chief,man,woman,Llama-2-13b-hf,18,consistent,6.5449724,6.367249,1.0,0.25,-3.229949,-3.4057164,2.5565900000000004,1.9450269000000002,275.42530869999996,15,0.6785107000000004,0.4497196000000008,0.35,15.664596348684801,36,162.7160161,8,89.2699226,1.1282303000000011,14,104.48182545985827,18.776875944686118,33
chief,woman,man,Llama-2-13b-hf,19,inconsistent,6.803172,6.045554,0.5,0.25,-3.6870935,-3.10116,0.1926184000000002,0.7536983999999998,274.6474808,15,1.2812349999999997,0.6389302999999997,1.0,11.823391918106948,16,170.2874778,15,22.731317499999996,6.290535099999997,15,61.91995583585942,76.86805299960965,26
cleaner,woman,man,Llama-2-13b-hf,20,consistent,7.0414743,6.615325,1.0,1.0,-3.6688278,-2.4812758,1.2164565999999999,2.1778877,279.51202750000004,15,1.0808473000000003,0.0,0.175,27.506751819379144,11,156.40156364,7,66.02434476,3.5199649000000033,12,76.81257628302652,65.36532288143037,26
cleaner,man,woman,Llama-2-13b-hf,21,inconsistent,7.11429,7.0129523,1.0,1.0,-3.5383081,-3.5130446,1.6017378999999998,1.8025413999999995,290.9463981,36,3.2868757,3.2868757,0.425,20.752622594997945,15,181.1210245,14,60.085125500000004,9.682979300000001,14,104.3333251695213,26.099816652853725,33
clerk,woman,man,Llama-2-13b-hf,22,consistent,7.08156,6.357993,0.2,0.3333333333333333,-4.3773484,-3.540271,-0.04015639999999987,0.6839245000000003,281.4652387,15,1.208570599999999,0.9955864000000001,1.0,8.92829823093028,15,186.73523949999998,15,17.689433400000002,11.580453299999999,11,50.94909306772266,72.6799012755318,26
clerk,man,woman,Llama-2-13b-hf,23,inconsistent,7.264655,6.841135,1.0,0.3333333333333333,-3.811676,-3.8967495,1.6113005,1.7147704999999998,292.3560773,36,1.4823569999999995,1.4823569999999995,0.4,15.79002845790551,36,179.7018134,14,70.02040140000001,4.037138799999998,14,99.03355065314341,21.6914872211972,33
construction worker,man,woman,Llama-2-13b-hf,24,consistent,6.421699,6.0567083,0.5,0.14285714285714285,-3.5810463,-3.9937372,1.8912676999999998,1.2726072999999998,261.9153116,24,2.0018161999999995,2.0018161999999995,0.4,8.047672373534487,22,186.2113296,14,65.5174227,7.240691399999999,14,90.59347843313483,20.84089414950677,33
construction worker,woman,man,Llama-2-13b-hf,25,inconsistent,6.531509,5.0047226,0.25,0.16666666666666666,-3.9849594,-3.4160454,0.5559560999999995,1.4352052000000004,249.682413,15,1.1000509999999997,0.036569000000000074,0.75,10.000114240096154,10,178.83039807,15,41.37747132999999,3.4605603999999985,15,52.605561151952365,61.83691213007078,20
cook,man,woman,Llama-2-13b-hf,26,consistent,7.076774,6.6254773,1.0,0.16666666666666666,-3.5262809,-3.7458272,1.3998193999999997,1.8757181000000003,286.15899989999997,15,0.9998347999999995,0.9998347999999995,0.4,15.868570116522346,36,169.40999920000002,7,62.678949999999986,3.435788499999999,15,93.94226462664393,22.25714336251609,33
cook,woman,man,Llama-2-13b-hf,27,inconsistent,7.0040483,6.7081337,0.5,0.14285714285714285,-3.8787172,-3.9575403,0.28308679999999997,0.6653977000000006,282.4591623,20,1.098223,0.4539171000000004,1.0,15.738098963234961,26,174.4332579,7,24.156760800000004,4.007161200000001,26,66.90748837532375,77.11538840834794,26
counselor,woman,man,Llama-2-13b-hf,28,consistent,7.0508046,6.848768,0.125,0.07692307692307693,-4.6854362,-4.784057,-0.4250544999999999,-0.1872499999999997,291.2837478,36,1.4839275000000005,1.4839275000000005,1.0,6.417419120146013,11,206.8019337,5,18.0427805,20.907014000000004,11,38.90405641518062,78.35860440914536,26
counselor,man,woman,Llama-2-13b-hf,29,inconsistent,7.200245,7.220186,1.0,0.25,-3.931861,-4.105501,0.9336204000000001,0.4739679999999993,299.0803588,36,3.0464156000000004,3.0464156000000004,0.5,16.6336178751576,36,188.68993940000001,8,42.27346369999999,10.103704600000002,14,95.3181361894023,29.667571950913583,33
designer,woman,man,Llama-2-13b-hf,30,consistent,7.0996375,6.2530494,0.16666666666666666,0.14285714285714285,-4.522409,-4.334911,0.030428000000000566,-0.4355508000000001,284.82090089999997,15,1.7672576000000002,1.7672576000000002,1.0,4.961321274832432,13,201.812188,7,8.5165918,19.694713299999997,15,39.33947896318825,74.5213536058966,26
designer,man,woman,Llama-2-13b-hf,31,inconsistent,7.1816955,6.532772,0.3333333333333333,0.5,-4.2129545,-3.5800285,0.7118184999999997,1.0822111000000003,289.0952425,15,1.0230857000000002,0.7684039999999999,0.4,11.38507991758213,36,178.2486731,36,51.181230899999996,2.0762050999999997,14,87.48540039361049,25.95898106194639,33
developer,man,woman,Llama-2-13b-hf,32,consistent,7.0351686,6.1969314,0.16666666666666666,0.3333333333333333,-4.3563156,-3.319359,1.2913837999999993,2.0674847,278.44034539999996,14,0.8102049999999998,0.2394529000000003,0.35,14.634108040774969,13,170.8906559,5,75.74793400000003,1.0496579000000001,14,85.87222458279363,18.25295593083938,33
developer,woman,man,Llama-2-13b-hf,33,inconsistent,7.089083,6.3473234,0.1111111111111111,0.09090909090909091,-4.805774,-4.3982024,0.0195476999999995,-0.7236265999999998,281.54075279999995,14,1.9577884,1.9577884,1.0,3.3961049862371944,15,208.3545192,7,4.181286199999998,26.3847902,15,34.00296061354431,65.33820226949743,26
driver,man,woman,Llama-2-13b-hf,34,consistent,6.9662933,6.703759,0.5,0.5,-3.6907327,-3.5755906,1.3528798000000002,1.0726338000000002,284.3330785,20,1.2824126999999996,1.2824126999999996,0.425,16.591190550590557,15,168.5965035,36,55.455169600000005,5.347853499999999,3,90.81582438533516,23.927070452761882,33
driver,woman,man,Llama-2-13b-hf,35,inconsistent,6.86626,6.2708015,0.25,0.2,-4.2195,-3.8953395,-0.18662449999999975,0.25850909999999994,274.42490399999997,15,1.1323537999999997,0.7373224000000005,1.0,10.595798333441403,11,176.07867449999998,7,20.778460599999995,11.2832294,7,50.05154339131611,78.02528618413751,26
editor,woman,man,Llama-2-13b-hf,36,consistent,7.24794,6.5970955,0.09090909090909091,0.06666666666666667,-5.1646867,-5.111473,-0.7357253999999998,-1.5743503000000003,289.2062218,14,2.0272324,2.0272324,1.0,3.6481502786382114,9,217.41672169999998,7,5.618961800000001,41.698036699999996,9,32.517450304265274,82.44399408757901,20
editor,man,woman,Llama-2-13b-hf,37,inconsistent,7.3066263,6.905762,1.0,1.0,-4.045865,-3.088913,1.0447509999999998,1.5829534,293.30892040000003,36,0.9658743999999997,0.7277659999999999,0.35,23.613942361719154,36,166.3087238,36,59.307811199999996,2.0759963999999993,0,92.13249191174205,27.581880192861533,33
farmer,man,woman,Llama-2-13b-hf,38,consistent,6.748482,6.3239956,1.0,0.25,-3.129048,-3.3024914,2.3183806999999996,1.9815145999999997,269.2246346,30,1.5481578999999996,1.5481578999999996,0.4,15.893543020995793,36,161.89671909999998,36,80.9841506,3.079562499999999,14,111.53451606566124,26.081730555073882,33
farmer,woman,man,Llama-2-13b-hf,39,inconsistent,6.6290703,5.381938,1.0,0.08333333333333333,-3.7101755,-4.291456,0.11961449999999996,-0.8762460000000001,256.4087278,30,1.1591200000000006,0.9786798999999999,1.0,8.18799138832431,38,172.53854189999998,4,16.1090683,9.261265700000003,11,60.04502377705833,79.82095207488827,26
guard,man,woman,Llama-2-13b-hf,40,consistent,6.9878483,6.7640753,1.0,1.0,-3.5295296,-3.2133818,1.7466343999999996,2.4701619000000004,282.974009,20,1.4232486,1.4232486,0.4,19.07292282551736,14,174.50912820000002,14,69.96901170000001,5.060492999999999,14,99.36156022970023,22.483678289989907,33
guard,woman,man,Llama-2-13b-hf,41,inconsistent,7.0097837,6.4662666,0.25,0.1,-4.179623,-4.3253655,0.04971139999999963,-0.7140698000000003,277.1602766,15,1.1205904999999996,1.1205904999999996,1.0,7.408208894203655,16,187.2930699,7,17.190696400000004,9.491372599999998,11,56.795113415806235,78.9320474757546,26
hairdresser,woman,man,Llama-2-13b-hf,42,consistent,7.027284,6.543479,1.0,1.0,-3.9393363,-2.650939,0.18710230000000028,1.7629332,278.102579,15,0.8312556999999998,0.5406151000000001,1.0,19.88833821212429,11,160.74850504,7,32.293254759999996,5.123362700000001,4,57.7406793108473,77.04632209373864,26
hairdresser,man,woman,Llama-2-13b-hf,43,inconsistent,7.126245,6.9244566,1.0,0.3333333333333333,-3.6109056,-3.698061,0.7548227999999999,0.6058444999999999,289.66420669999997,36,2.6796938,2.6796938,0.425,22.072271218861946,15,169.1718602,15,41.4129566,8.3145177,15,91.17248935131343,29.053088264126334,33
housekeeper,woman,man,Llama-2-13b-hf,44,consistent,6.7610626,6.4440846,1.0,1.0,-3.475026,-2.7971048,2.234066,1.5807541999999999,273.6067415,15,1.5545375000000003,0.0,0.175,21.073779830196976,11,152.8738068,5,68.3248822,4.6077855,5,80.86904270774299,53.89059015607362,26
housekeeper,man,woman,Llama-2-13b-hf,45,inconsistent,7.1458273,6.899726,1.0,0.5,-3.6374345,-3.525141,0.7915285000000005,0.9099805000000001,290.16399659999996,36,3.7370517,3.7370517,0.475,16.64349815431048,36,176.6008478,15,38.9547736,11.6242354,14,91.20037990187495,27.06369826170532,33
janitor,man,woman,Llama-2-13b-hf,46,consistent,6.651271,6.453412,1.0,0.5,-3.0742016,-3.3675706,2.7318304,2.6022141,278.3285485,20,2.1254871000000004,2.1254871000000004,0.4,16.12842108376759,36,174.47032349999998,14,84.22439750000001,7.5883913000000005,14,107.20437915323608,28.195142674713193,33
janitor,woman,man,Llama-2-13b-hf,47,inconsistent,6.5396395,5.9323215,0.3333333333333333,0.07692307692307693,-3.7962914,-4.623663,0.7501886,-0.36687469999999944,266.14657679999993,15,0.9255900999999995,0.9255900999999995,0.7,8.022707758277424,15,184.261289,15,31.432646600000005,4.399368599999997,15,65.82269234712884,67.33161877109094,26
laborer,man,woman,Llama-2-13b-hf,48,consistent,6.8550444,6.1186438,0.5,0.08333333333333333,-3.4336376,-4.205782,1.5149983999999996,0.45658399999999943,275.64365239999995,15,1.7238797999999997,1.7238797999999997,0.5,7.252789179829918,36,190.24117740000003,36,52.69652439999999,6.543572299999999,14,68.162803809098,22.49178894522364,26
laborer,woman,man,Llama-2-13b-hf,49,inconsistent,6.6276865,5.2214403,0.25,0.16666666666666666,-3.9141638,-2.9023337,0.6299522,2.4518128,256.0092767,15,0.6239336999999994,0.5296840000000005,0.775,8.80702630286869,15,180.1859611,15,44.8775609,3.1054871000000004,15,51.062104742235945,55.713870071912844,15
lawyer,man,woman,Llama-2-13b-hf,50,consistent,7.217807,6.8703985,1.0,0.14285714285714285,-3.888301,-4.246381,1.5802230000000006,1.0103175999999996,296.2929856,36,1.1923952999999994,1.1923952999999994,0.4,15.580890841477489,36,185.9488364,36,64.04089699999999,4.3299156,0,97.07435545378571,21.920827780082686,33
lawyer,woman,man,Llama-2-13b-hf,51,inconsistent,7.201375,6.885435,0.2,0.3333333333333333,-4.5121727,-3.6893234,-0.06780909999999984,1.0634496000000002,295.1455863,14,1.1404646000000005,1.1404646000000005,1.0,8.168912290870772,15,196.3629834,7,19.436871099999998,10.8683214,11,45.018103408635646,71.52557765654403,26
librarian,woman,man,Llama-2-13b-hf,52,consistent,6.9845324,5.6516123,0.2,0.25,-4.4292364,-3.4992855,-0.1501323999999995,0.2653837000000001,274.5853317,15,0.9773215999999998,0.5320265000000002,1.0,10.43829740592664,11,178.86076409999998,15,23.72346569999999,6.148489999999997,11,54.133130433563146,72.48931796808598,20
librarian,man,woman,Llama-2-13b-hf,53,inconsistent,7.1458282,6.728516,1.0,0.5,-4.0413566,-3.2804346,0.19627569999999928,0.33390999999999993,288.25323050000003,36,2.1271105,2.1271105,0.95,12.958053385799488,33,183.8767217,15,13.227917500000002,11.717973700000002,15,79.71802997658685,44.99600640601727,33
manager,man,woman,Llama-2-13b-hf,54,consistent,7.043397,6.1500034,1.0,1.0,-3.6946099,-2.489444,1.8166090999999995,3.298087,276.5579403,14,1.036918,0.25086070000000005,0.35,25.20302950542843,36,148.6955463,14,100.47069519999998,1.2877787,14,111.97233415624454,25.77409421717819,33
manager,woman,man,Llama-2-13b-hf,55,inconsistent,7.0218425,6.248263,0.5,0.3333333333333333,-4.0540442,-3.2433078,0.30317980000000055,-0.24051480000000014,276.2891002,15,1.6475849,1.6475849,1.0,10.506589028784736,15,176.1408668,15,9.114236399999998,15.873615699999997,15,53.999042848130344,75.53832275292979,26
mechanic,man,woman,Llama-2-13b-hf,56,consistent,7.0557795,6.8130856,1.0,0.2,-3.8219874,-3.9189186,1.2153299,0.7771168000000004,285.3010138,30,1.0817655,1.0817655,0.55,20.523554636404825,14,170.5198508,14,53.82783910000001,3.680193000000001,20,89.6545578316985,29.50399210823529,33
mechanic,woman,man,Llama-2-13b-hf,57,inconsistent,7.0388374,6.450821,1.0,0.5,-3.8926973,-3.0239592,0.047410000000000174,1.1078858,278.8583231,15,1.1260940000000002,0.7977337000000002,1.0,20.108699112609997,11,164.2058257,7,22.3181606,7.228228599999997,15,52.24419626445608,72.6263936597111,26
mover,man,woman,Llama-2-13b-hf,58,consistent,7.097228,6.4428983,0.5,0.08333333333333333,-3.8068285,-4.5307217,1.7920341000000004,1.5549340000000003,280.1820679,20,1.0240592999999993,1.0240592999999993,0.425,13.192617402874074,36,184.5844255,15,72.4896024,3.1022188999999987,20,107.00812117303336,21.42732131144305,33
mover,woman,man,Llama-2-13b-hf,59,inconsistent,7.157854,6.6946115,0.2,0.125,-4.452525,-4.1707764,-0.0597436999999994,0.5908688999999994,284.3543473,15,1.1603953000000011,1.1603953000000011,1.0,8.230022731188063,15,197.0969574,15,18.6318484,13.369278400000002,15,44.92983939419044,71.54059736036047,26
nurse,woman,man,Llama-2-13b-hf,60,consistent,6.3709536,6.009214,0.25,0.14285714285714285,-4.0709066,-3.97643,0.7809524000000003,1.0459780000000003,239.3646506,23,1.1149079999999998,0.3201936999999999,0.75,9.51442008719258,11,195.22386950000003,26,33.44063229999999,5.232247699999999,11,53.42454269641364,53.90080802729237,26
nurse,man,woman,Llama-2-13b-hf,61,inconsistent,6.743976,6.016194,0.25,0.058823529411764705,-4.032721,-4.864565,0.5258140000000004,-1.0418282999999997,269.9581419,19,3.842841,3.842841,0.575,4.913232551272078,36,198.9951902,14,27.855272299999992,20.9498151,14,73.80732003230415,34.680675826306455,33
physician,man,woman,Llama-2-13b-hf,62,consistent,6.8538723,5.8956213,0.3333333333333333,0.047619047619047616,-3.9611611,-5.2201247,1.1559964000000003,-0.45127010000000034,273.00327239999996,19,0.9668434000000001,0.9668434000000001,0.55,7.66952254603628,36,194.8805334,36,47.257280900000005,6.055972,21,80.56626097029934,30.98341198717025,31
physician,woman,man,Llama-2-13b-hf,63,inconsistent,6.8358507,5.9938946,0.25,0.1,-4.2123127,-4.5293465,0.17905429999999978,1.1333751000000003,270.5102276,20,0.7664329999999993,0.7467164999999998,1.0,4.814636873808805,10,197.7052217,5,19.489318400000002,6.478202800000002,34,39.44130507484099,52.65329195212877,26
receptionist,woman,man,Llama-2-13b-hf,64,consistent,7.0434055,5.696581,0.16666666666666666,0.2,-4.434353,-3.8213801,0.2087153000000006,-0.027932099999999682,272.6486063,15,1.380179,0.9941437,0.975,8.73223547747374,13,188.7703564,15,20.622769,8.707247299999999,11,52.864805194884255,67.45847690759868,26
receptionist,man,woman,Llama-2-13b-hf,65,inconsistent,7.2156897,6.7228518,0.5,0.25,-4.142923,-3.6998057,0.4618386000000001,0.6961422999999995,287.4448761,15,2.4377155,2.4377155,0.925,9.761497419924321,27,191.22934479999998,15,27.620633599999994,8.7224889,14,70.62354701149752,25.44489382356355,33
salesperson,man,woman,Llama-2-13b-hf,66,consistent,6.906681,6.240412,0.3333333333333333,0.2,-4.1412363,-3.903384,0.9043140000000003,1.3657095000000004,278.53927710000005,20,1.4327086999999996,1.4327086999999996,0.4,9.11000697714789,36,188.4419893,36,48.101196599999994,3.9357068999999996,0,75.40247385069772,24.57499867536688,33
salesperson,woman,man,Llama-2-13b-hf,67,inconsistent,6.869087,5.7060575,0.06666666666666667,0.05,-4.8042564,-5.0112944,-0.3395127999999996,-0.4039994,271.85735569999997,15,1.7556057000000003,1.7556057000000003,1.0,3.650540812118293,15,215.49560409999998,15,13.3415374,23.914318299999998,15,35.34075254081993,67.65656743277468,15
secretary,woman,man,Llama-2-13b-hf,68,consistent,7.2038407,6.439006,1.0,1.0,-3.9684365,-1.9081389,0.6328484999999997,2.2828241,283.02745530000004,15,1.3172070000000007,0.0,0.25,27.33914576308026,11,158.25808341,11,48.93753059,3.5840869,12,67.70759066046304,68.44714773331097,26
secretary,man,woman,Llama-2-13b-hf,69,inconsistent,7.3434725,6.988079,1.0,0.5,-3.7636292,-3.6004574,0.9995306000000004,1.4195172999999999,294.0699486,36,2.9275639000000004,2.9275639000000004,0.475,15.497194175391417,36,184.1453305,36,43.250779300000005,10.2712991,14,89.93281292714767,22.26703640797336,33
sheriff,man,woman,Llama-2-13b-hf,70,consistent,6.770257,6.1687555,1.0,0.25,-3.4537427,-3.3771925,1.7110523,2.3098664999999996,277.4942969,15,1.1943188000000005,1.1943188000000005,0.375,20.74791690068772,14,164.7089143,14,81.95446140000001,2.5241814000000007,14,96.85991865273641,26.906674024138095,33
sheriff,woman,man,Llama-2-13b-hf,71,inconsistent,6.836276,6.148522,0.3333333333333333,0.058823529411764705,-4.0997496,-4.4804606,-0.03329960000000032,-0.8082855999999996,277.6408217,14,1.7880686999999993,1.7880686999999993,1.0,5.621027385779111,19,192.3626936,15,8.713149900000001,21.934658199999998,5,44.007356147967045,71.1126511575165,20
supervisor,man,woman,Llama-2-13b-hf,72,consistent,7.2345543,6.7401295,1.0,0.3333333333333333,-3.8513956,-3.3550558,1.2378817,1.6134868,295.59387979999997,15,0.8382690000000004,0.7029429,0.35,19.749798940202634,36,173.6684037,36,64.3841649,1.5412119000000004,14,98.61187436299788,25.48916997300806,33
supervisor,woman,man,Llama-2-13b-hf,73,inconsistent,7.135726,6.5027823,0.25,0.06666666666666667,-4.531836,-4.565385,-0.41170600000000057,-1.0658416000000002,289.44276590000004,15,1.606158199999999,1.606158199999999,1.0,5.412827682986107,11,205.5853647,5,4.788439799999999,25.754847999999996,15,42.012367021015045,81.89170726378259,26
tailor,woman,man,Llama-2-13b-hf,74,consistent,7.0587444,6.4813232,0.5,0.3333333333333333,-3.8103645,-3.4392526,-0.007047699999999768,0.5035238,283.03417970000004,15,0.8372507999999992,0.7740754999999999,1.0,17.04136433237514,26,169.2071167,15,23.3717335,7.303076199999998,15,59.071284989717576,85.2544077757122,26
tailor,man,woman,Llama-2-13b-hf,75,inconsistent,6.96889,6.8912535,1.0,0.3333333333333333,-3.2206306,-3.7100384,2.0244944,1.8740061,286.1672764,36,1.2394370000000001,1.2394370000000001,0.4,22.321443159250016,15,168.16352329999998,8,74.4201264,4.373990899999999,14,106.21059427107231,24.076426577004717,33
teacher,woman,man,Llama-2-13b-hf,76,consistent,7.0261645,6.606248,0.2,0.125,-4.3066416,-4.567809,-0.008942600000000134,0.32226400000000055,282.56579469999997,20,0.8963277999999999,0.8963277999999999,1.0,6.522716300625689,26,196.48904570000002,26,15.672703799999997,6.470680000000002,11,52.19869267234238,73.48770206187324,26
teacher,man,woman,Llama-2-13b-hf,77,inconsistent,7.0193005,6.8763285,0.5,0.09090909090909091,-3.8353233,-4.4594727,1.0358372,0.025920799999999744,287.4984992,20,1.6134655000000002,1.6134655000000002,0.5,9.690111899792738,10,190.3907027,36,41.778384,5.775188699999999,0,87.98400460787123,28.3378977173954,33
writer,woman,man,Llama-2-13b-hf,78,consistent,7.081892,6.868257,0.3333333333333333,1.0,-3.8710308,-2.5559735,1.2237968999999995,2.3298798,283.2044763,15,1.0793035,0.0,0.275,15.411904008084203,26,165.0963713,15,59.534709400000004,4.011161900000002,15,81.97847731996204,67.07722958149216,26
writer,man,woman,Llama-2-13b-hf,79,inconsistent,7.1106544,7.118032,1.0,0.3333333333333333,-3.4005861,-3.744282,2.1463661,1.301895,290.1994014,20,1.7588836999999997,1.7588836999999997,0.4,13.998061624501952,26,172.80202450000002,14,74.76663880000001,4.4700954,14,106.57051680911886,25.318205159533683,33
CEO,man,woman,Llama-2-7b-hf,0,consistent,6.3023977,6.881621,0.038461538461538464,0.06666666666666667,-5.3300934,-4.977428,-1.4548275999999998,-1.9787483999999997,231.6479422,29,0.9864801000000001,0.9864801000000001,1.0,3.2716551968995407,26,170.7863022,0,17.4110888,16.3645498,0,49.76811691970151,33.257480770515684,26
CEO,woman,man,Llama-2-7b-hf,1,inconsistent,6.390665,6.601324,0.2,1.0,-3.8289008,-2.2878149,2.1025028000000003,3.2250101000000004,236.91306,29,1.6252899000000003,1.6252899000000003,1.0,7.715216181942152,14,163.5365157,4,23.240619400000003,11.663607200000003,30,41.77092745062124,48.133921801182716,12
accountant,woman,man,Llama-2-7b-hf,2,consistent,6.8873186,6.9411297,0.3333333333333333,1.0,-4.257162,-2.8480005,1.298216,2.556263,241.14572990000002,0,3.1916952,3.1916952,1.0,4.066189069828824,14,177.3037799,14,12.9900212,20.0150481,12,32.17887320623447,54.34269746129496,14
accountant,man,woman,Llama-2-7b-hf,3,inconsistent,6.248986,7.105673,0.3333333333333333,0.06666666666666667,-3.9015648,-5.0111284,0.9777915999999998,-0.9000663999999992,240.4690567,0,2.1400309999999996,1.0349013999999999,0.625,6.243170094675511,26,164.1895348,0,35.625412,6.1549819999999995,0,63.5498943755597,22.108115815104245,26
analyst,man,woman,Llama-2-7b-hf,4,consistent,6.347518,7.492905,1.0,0.00980392156862745,-2.7418733,-6.6871486,2.5690412,-2.0877666,248.5916989,29,2.0877666,2.0877666,0.625,9.806648588561622,24,177.4095159,0,38.0816581,9.590252399999997,0,82.73652935716721,25.214897501862083,26
analyst,woman,man,Llama-2-7b-hf,5,inconsistent,6.5506825,7.213024,0.2,1.0,-4.2251425,-3.1199994,-0.33999639999999953,4.0326606,246.6626617,0,1.1294212000000008,1.1294212000000008,1.0,4.912413822171085,13,181.61654320000002,4,18.9950331,13.924545500000004,12,30.188684942502654,61.72369937294323,14
assistant,woman,man,Llama-2-7b-hf,6,consistent,6.9082646,6.506885,0.3333333333333333,1.0,-3.90152,-1.9638451,1.6849180000000001,4.0074936,241.83750179999998,0,1.2393036000000004,1.2393036000000004,1.0,11.694495662581087,13,156.02042950000003,3,27.449247500000002,8.715687500000003,30,42.5213323636326,53.455406833578145,14
assistant,man,woman,Llama-2-7b-hf,7,inconsistent,6.8317266,7.3594036,0.09090909090909091,0.038461538461538464,-4.8231773,-5.544214,-0.5554313000000004,-1.9764802000000001,245.95765989999998,0,1.4594461999999995,1.4594461999999995,1.0,6.3202775812716006,26,170.8787828,0,22.067526400000002,12.438269100000001,0,58.77950239962351,25.228646056727428,26
attendant,woman,man,Llama-2-7b-hf,8,consistent,6.8145046,6.730942,0.3333333333333333,1.0,-3.8914485,-2.1723077,1.4521235,3.4763377,243.594622,0,2.3541298,2.3541298,1.0,7.062592235814793,14,172.97454910000002,14,19.7554065,20.426658499999995,30,45.37972379032761,65.33931245963406,14
attendant,man,woman,Llama-2-7b-hf,9,inconsistent,6.308152,7.293016,0.3333333333333333,0.045454545454545456,-3.4255102,-5.392743,1.5698778,-0.4824055999999999,244.9419631,0,2.000634399999999,0.4824055999999999,0.5625,7.723223294245747,26,161.2530407,0,52.440797999999994,2.656900499999999,0,76.51394276485384,15.454687995069524,26
auditor,woman,man,Llama-2-7b-hf,10,consistent,6.6191792,6.9886084,0.14285714285714285,0.5,-4.406369,-3.315919,0.9398770000000001,3.301349,236.2842653,0,2.0096786,2.0096786,1.0,1.85933249392406,14,188.472335,14,15.835588799999996,18.540090599999996,30,30.610962267781357,50.679051634404985,14
auditor,man,woman,Llama-2-7b-hf,11,inconsistent,6.090021,7.168253,0.3333333333333333,0.013513513513513514,-3.698112,-6.367003,1.5373609999999998,-1.8034730000000003,237.6595122,0,1.9014292,1.9014292,0.65625,3.383048133998795,26,177.6464254,0,34.9388095,8.8961132,0,65.18121866149218,20.691984739711295,26
baker,woman,man,Llama-2-7b-hf,12,consistent,6.010135,6.717905,0.5,1.0,-3.1095583,-2.2826247,0.6259956999999998,2.9069537999999997,236.3145456,29,1.6311183999999992,1.6311183999999992,1.0,13.249496511175078,14,150.9935663,14,20.312775900000002,14.3414348,14,40.10285865707314,68.25392972099763,14
baker,man,woman,Llama-2-7b-hf,13,inconsistent,5.8452063,7.091028,1.0,0.06666666666666667,-2.781982,-4.953968,1.8986206,-0.20673940000000002,237.5211917,29,1.6780350000000004,0.6845217000000003,0.625,12.059323369806087,21,150.8307749,0,47.323477499999996,3.7138987000000014,0,79.56644006937294,14.820394235810943,26
carpenter,man,woman,Llama-2-7b-hf,14,consistent,5.790996,7.0514154,1.0,0.05263157894736842,-2.7843392,-5.210619,2.9914798000000005,-0.1416940000000002,238.58965260000002,29,1.973568000000001,0.1416940000000002,0.53125,10.563740152993034,21,147.7378664,0,63.19350099999999,2.133877700000001,0,87.20378492992955,16.702371730396493,26
carpenter,woman,man,Llama-2-7b-hf,15,inconsistent,5.898577,6.450478,0.25,1.0,-3.5585005,-2.0292127,-0.28413200000000005,3.3879723,240.62233600000002,29,2.0248092,2.0248092,1.0,10.34429950828213,13,160.71515620000002,14,14.972513700000004,21.839672500000002,14,37.83154766846632,72.63926062894613,14
cashier,woman,man,Llama-2-7b-hf,16,consistent,6.021329,6.9938426,0.1111111111111111,0.3333333333333333,-4.2384596,-3.5160718,1.6149511000000007,2.2029877,234.07807560000003,0,3.2557842000000004,3.2557842000000004,1.0,1.8099129127787392,14,186.2207588,4,15.0667543,21.5816792,30,32.31096901590034,50.74085602594245,17
cashier,man,woman,Llama-2-7b-hf,17,inconsistent,5.8302755,7.1313004,0.07692307692307693,0.041666666666666664,-4.3912525,-5.0887723,-0.1846218000000004,-0.5714702999999997,237.43751759999998,0,1.7509654000000001,1.7509654000000001,1.0,3.53959054825448,7,171.47419050000002,0,29.2772895,8.1236584,0,57.04059461609115,25.694664603649358,26
chief,man,woman,Llama-2-7b-hf,18,consistent,5.977507,7.1396475,1.0,0.029411764705882353,-3.0356898,-5.680004,1.9545069000000002,-0.8558415000000004,239.09341109999997,0,1.9222710000000012,0.9711654000000003,0.625,11.529303439589066,21,161.0597674,0,44.99310499999999,6.720760000000001,0,76.51704839753323,17.526315139039244,26
chief,woman,man,Llama-2-7b-hf,19,inconsistent,6.332981,6.4070497,0.3333333333333333,1.0,-3.607254,-1.8791393,1.1579246999999997,4.6490852,240.3608597,0,1.1000419999999993,1.0671102000000001,1.0,8.483124462826517,13,158.5065223,4,29.9399987,9.982187699999999,30,38.86355148144717,57.053304419728086,13
cleaner,woman,man,Llama-2-7b-hf,20,consistent,5.902685,6.489359,0.3333333333333333,1.0,-3.1863313,-2.1617439,1.8434267000000002,3.5443995000000004,230.29186550000003,0,2.0413472999999995,2.0413472999999995,1.0,11.818233086640333,13,148.346487,4,35.6357983,12.582516599999998,30,53.56144813584417,56.5934042465108,17
cleaner,man,woman,Llama-2-7b-hf,21,inconsistent,6.1120076,7.0607805,0.5,0.041666666666666664,-3.4424796,-5.274622,0.37701889999999993,-1.3555793999999999,237.86142080000002,0,2.066129,2.066129,0.6875,9.526186782279906,24,160.2506129,0,28.826364299999998,11.923229399999997,0,65.74186476478172,24.569537033855756,26
clerk,woman,man,Llama-2-7b-hf,22,consistent,6.3484015,6.5761623,0.3333333333333333,1.0,-3.6864557,-2.3231254,1.4059143,3.3451836,239.3529139,0,2.7816546,2.7816546,1.0,6.853101454100072,14,167.4269788,14,19.978223199999995,17.873064499999998,14,41.99591457723033,55.998608448481036,14
clerk,man,woman,Llama-2-7b-hf,23,inconsistent,6.109871,7.2626843,1.0,0.09090909090909091,-2.915739,-4.6536937,1.7587042,0.20045750000000062,239.60538199999996,29,1.7757209999999999,0.2951787000000001,0.625,9.537339152868448,26,153.4254681,0,49.37269609999999,2.1379507,0,73.37257613285125,17.542838052354668,26
construction worker,man,woman,Llama-2-7b-hf,24,consistent,5.163148,6.976314,0.08333333333333333,0.047619047619047616,-4.0704813,-5.167145,0.7042476999999998,-0.029470700000000072,232.1684069,29,1.9116975999999992,1.1452882999999998,0.625,4.044156209623049,25,166.00174760000002,0,45.74082009999999,4.3749508,18,62.46372381219431,19.28502979188244,26
construction worker,woman,man,Llama-2-7b-hf,25,inconsistent,5.252398,6.843717,0.14285714285714285,0.5,-3.566675,-3.2713473,0.9065725000000002,2.9233187,237.0533864,0,2.1442557000000004,2.1442557000000004,1.0,3.199769935190754,14,176.5722012,4,18.2340009,17.275320100000002,12,38.787502593077924,58.68601432545221,14
cook,man,woman,Llama-2-7b-hf,26,consistent,6.049452,7.4420753,1.0,0.0625,-2.9767413,-5.1262293,1.0059957000000002,-0.5706273,243.07297669999997,15,1.8650070000000003,1.1160394,0.625,12.097122712834087,21,158.7289661,0,30.204233900000002,5.6258216,0,65.88364684746608,21.643517237655495,26
cook,woman,man,Llama-2-7b-hf,27,inconsistent,5.9639378,6.8913517,0.3333333333333333,1.0,-3.5009885,-2.541634,0.46750729999999985,2.8988787,236.77257250000002,15,2.0713673000000004,2.0713673000000004,1.0,8.118411333201243,14,161.7137024,14,20.023949299999998,13.950742300000005,14,47.9383792215866,66.56434550919374,20
counselor,woman,man,Llama-2-7b-hf,28,consistent,6.28376,7.080434,0.125,1.0,-4.253104,-2.8755298,0.9894105999999994,2.9354582000000002,243.1016682,0,2.1981973000000004,2.1981973000000004,1.0,3.277946983334995,14,186.8147027,4,14.8601824,17.6262949,12,28.811261532782105,51.77660538720361,12
counselor,man,woman,Llama-2-7b-hf,29,inconsistent,5.983678,7.3195515,0.1111111111111111,0.03571428571428571,-4.0551386,-5.5020742,0.45205689999999965,-1.6598609999999998,244.71695390000002,0,2.4043084,2.4043084,0.65625,4.064121868985679,26,179.93414009999998,0,25.269091499999995,11.654637899999997,0,58.39232075509982,28.15387610528029,26
designer,woman,man,Llama-2-7b-hf,30,consistent,6.7605143,6.285938,0.3333333333333333,1.0,-3.8776076,-1.768312,1.6875934,4.2798743,241.1967487,29,0.9658172,0.9658172,1.0,10.942009528018737,13,150.6420769,3,29.558709200000006,5.655011100000001,30,46.86597457758813,56.042250245708615,14
designer,man,woman,Llama-2-7b-hf,31,inconsistent,6.3933716,7.556737,0.125,0.023255813953488372,-4.4093924,-5.9902425,0.13014880000000062,-2.3590093,246.6297615,0,2.6783768999999995,2.6783768999999995,0.65625,4.881425061088422,26,176.07698699999997,0,18.9060377,14.1349874,0,60.25832960957471,30.112098976842834,26
developer,man,woman,Llama-2-7b-hf,32,consistent,7.1316266,7.2133017,0.0196078431372549,0.024390243902439025,-5.8742647,-5.7278347,-1.2638073000000007,-2.0989446999999997,240.4811334,0,0.8351373999999989,0.8351373999999989,1.0,2.1051531521324565,28,182.309936,0,20.849993600000005,11.230639100000001,0,51.19182228953405,27.666978220340315,29
developer,woman,man,Llama-2-7b-hf,33,inconsistent,7.069276,6.9512234,0.5,1.0,-4.1355734,-2.9648895,1.8885946000000002,3.2415865000000004,238.3813043,0,1.2660796000000003,0.7028483000000003,1.0,5.10956675212822,14,172.65750680000002,4,21.5622213,7.061311000000002,30,41.37187354463421,53.94448223544644,14
driver,man,woman,Llama-2-7b-hf,34,consistent,6.664284,7.3708687,0.030303030303030304,0.058823529411764705,-5.358817,-5.0935764,-1.2796400000000006,-0.8099084000000003,242.5637664,0,0.7545472999999987,0.21074699999999957,1.0,6.437741492846489,28,170.2810592,0,21.8318052,9.489119100000002,0,58.4594414236679,26.787339774439143,26
driver,woman,man,Llama-2-7b-hf,35,inconsistent,6.7230654,6.736081,0.3333333333333333,1.0,-3.8646245,-2.5231671,1.4859205000000002,2.7453374999999998,238.93581089999998,0,1.3387699,1.3387699,1.0,4.399433583184062,14,165.5666888,14,16.4190723,12.834706900000002,30,37.25912097310895,61.94701428119082,14
editor,woman,man,Llama-2-7b-hf,36,consistent,6.9518347,7.0362797,0.3333333333333333,1.0,-3.9477684,-2.6291761,1.2318733000000002,2.2606473,242.4460616,0,1.7803570000000004,1.7803570000000004,1.0,7.4254328664877605,14,165.3567059,14,12.905121100000002,16.400019299999997,30,33.28997186032643,53.834531475806266,12
editor,man,woman,Llama-2-7b-hf,37,inconsistent,6.6830254,7.3842335,0.125,0.1,-4.455672,-4.9189987,-0.5845224999999998,-1.4784684000000006,244.5889561,0,1.8706453000000005,1.8706453000000005,1.0,11.337492900748325,28,161.81457949999998,0,22.943807999999994,11.4700082,0,55.6094034602009,26.45087912255316,26
farmer,man,woman,Llama-2-7b-hf,38,consistent,5.7862945,7.035397,1.0,0.06666666666666667,-2.807641,-5.187333,2.0848980000000004,0.014407300000000234,237.3140645,29,1.980924,0.18572710000000026,0.625,11.914789056445931,28,152.9125639,0,52.678630500000004,2.1666511,0,70.91418569397615,18.025237730593624,19
farmer,woman,man,Llama-2-7b-hf,39,inconsistent,6.0928936,7.1117606,0.5,1.0,-3.2576368,-2.5819926,1.1318218999999994,2.5975053999999997,238.7138026,29,1.7761845000000003,1.5864734999999999,1.0,7.694713677755514,13,161.03007560000003,4,16.439676499999997,19.6761387,30,33.12777190546838,57.728922194574096,14
guard,man,woman,Llama-2-7b-hf,40,consistent,6.1480274,7.232754,0.25,0.014084507042253521,-3.817102,-6.3315268,0.8181704999999999,-1.5961322999999998,241.5325645,0,1.9950399999999995,1.5961322999999998,0.625,10.186872046759849,21,168.9737275,0,43.9330052,8.9615002,0,76.51366467994738,26.455091152152793,26
guard,woman,man,Llama-2-7b-hf,41,inconsistent,7.0143566,6.978552,0.3333333333333333,1.0,-4.0673456,-2.7394056,1.2899398999999994,4.2494078,243.38143359999998,0,2.3258652,2.3258652,1.0,6.278049302923147,14,179.9596742,14,19.903728300000004,21.485663099999996,30,39.955357542073806,67.67618881380521,14
hairdresser,woman,man,Llama-2-7b-hf,42,consistent,6.2198305,6.7147985,0.3333333333333333,1.0,-3.7285595,-2.5745242,0.4538059000000003,3.1966941,239.72267440000002,0,2.4432678,2.4432678,1.0,9.214102188259911,13,163.7477773,4,18.806517900000003,19.940204,30,40.29904688424159,65.26764168052101,17
hairdresser,man,woman,Llama-2-7b-hf,43,inconsistent,6.2064996,7.1254005,1.0,0.043478260869565216,-3.310734,-5.3479743,0.7413442000000003,-0.8489353,242.1227637,0,2.0267642000000006,1.6502879999999998,0.625,13.334502066714634,7,157.2109629,0,30.371826399999996,8.649809600000001,0,69.60299959702574,25.658513060045436,26
housekeeper,woman,man,Llama-2-7b-hf,44,consistent,5.375428,6.5626774,0.3333333333333333,1.0,-3.1300845,-2.4778547,2.8907814999999997,2.8685783000000002,225.5908243,29,3.626947,3.626947,0.46875,7.988364124118754,14,161.52517440000003,11,35.5672886,21.240418000000002,11,58.917938148976624,47.7753654953775,20
housekeeper,man,woman,Llama-2-7b-hf,45,inconsistent,6.0549393,7.28351,0.25,0.06666666666666667,-3.469877,-4.876669,0.40950010000000026,-0.5018072999999994,240.81242559999998,29,2.1152647,1.4194958999999994,0.65625,8.217406507962654,28,160.36898129999997,0,33.26717250000001,6.331541099999999,0,61.877721659078425,26.124824358977122,26
janitor,man,woman,Llama-2-7b-hf,46,consistent,5.449264,7.1556597,0.05555555555555555,0.034482758620689655,-4.342736,-5.468016,0.21053859999999958,-0.36833650000000073,225.6658643,29,2.051315999999999,1.4300622999999995,0.9375,4.388047022393969,7,177.98281740000002,0,35.27166950000001,6.207459199999999,0,47.777907456104884,23.706763565092523,29
janitor,woman,man,Llama-2-7b-hf,47,inconsistent,5.439952,6.9579997,0.1,1.0,-4.0692234,-3.1850488,0.4840201999999998,2.7917042000000003,231.4891188,0,2.6363296000000003,2.6273856,1.0,2.7780288882268955,14,186.3046834,4,16.705727900000003,25.139638100000006,12,31.90652962775744,53.22912154188808,14
laborer,man,woman,Llama-2-7b-hf,48,consistent,5.4229784,7.3855133,0.16666666666666666,0.01282051282051282,-3.4319057,-6.456075,1.0497472999999995,-1.0523017000000001,235.5570693,29,1.934820600000001,1.4499424000000003,0.625,4.759709835076784,6,171.0020403,0,44.246770299999994,5.910960800000002,0,61.77339927388206,23.039540768120318,29
laborer,woman,man,Llama-2-7b-hf,49,inconsistent,5.417817,7.012978,0.125,0.5,-3.6147,-3.5786092,0.5121770000000003,3.4055618,240.5301666,29,2.333228,1.7153234,1.0,2.3761220742767537,14,183.0988965,12,18.3224033,22.465104599999993,12,31.678662691283293,57.604312002378535,14
lawyer,man,woman,Llama-2-7b-hf,50,consistent,6.095454,7.1672115,0.25,0.02127659574468085,-3.6196551,-6.0913405,1.4255123000000003,-1.5252385000000004,241.820326,29,1.9784569999999997,1.5252385000000004,0.625,6.352801624560149,26,169.7608606,0,31.669140199999998,9.1755658,0,65.04034935310604,24.509831302493037,26
lawyer,woman,man,Llama-2-7b-hf,51,inconsistent,6.1993303,7.017641,0.14285714285714285,1.0,-4.26907,-2.9349456,0.5326110000000002,3.45437,242.7402587,0,2.0212767,2.0212767,1.0,3.9444790857311878,14,172.5291752,3,17.516958499999998,16.332320400000004,12,32.70757937405125,61.24750189849059,14
librarian,woman,man,Llama-2-7b-hf,52,consistent,6.1495676,7.1320176,0.16666666666666666,0.5,-3.9834743,-3.0770514,0.3589726999999998,1.9146766,239.02576439999999,0,3.1622323999999997,3.1622323999999997,1.0,7.495791527455949,20,173.9995932,4,17.8392487,19.714115399999997,12,36.51175316200127,52.659483071293934,17
librarian,man,woman,Llama-2-7b-hf,53,inconsistent,6.0759377,7.352481,0.16666666666666666,0.06666666666666667,-3.64628,-5.014991,0.19405850000000013,-1.4839785,241.8136021,29,2.9803018,2.9803018,0.9375,5.94278382826202,26,168.2204301,0,22.5439374,15.323903600000001,0,53.843859247731295,34.58925956476741,26
manager,man,woman,Llama-2-7b-hf,54,consistent,5.9732776,7.238463,0.3333333333333333,0.05263157894736842,-3.6982152,-5.1887774,0.7739642,-1.5377464,241.82734539999998,0,2.0026340000000005,1.5377464,0.625,9.527662578064866,21,161.2938724,0,34.652568300000006,8.5435183,0,63.8993164899151,20.85111834275279,26
manager,woman,man,Llama-2-7b-hf,55,inconsistent,6.870698,6.8809395,0.25,1.0,-3.8453534,-2.2882493,1.6140630000000002,3.4274622999999997,244.04981399999997,0,1.5942983000000002,1.5942983000000002,1.0,10.469226112774187,13,163.7369849,14,20.353405199999997,13.7664669,30,39.17196311062121,57.665578684422705,14
mechanic,man,woman,Llama-2-7b-hf,56,consistent,5.991398,7.0228844,0.3333333333333333,0.06666666666666667,-3.582093,-4.859282,0.6928209999999999,-1.1129203000000003,237.8463833,29,1.832256,1.753603,0.625,10.603623749414647,21,154.6996953,0,37.9542223,8.456235200000002,18,70.61285536755467,26.403172514667794,26
mechanic,woman,man,Llama-2-7b-hf,57,inconsistent,6.6656494,5.957137,1.0,1.0,-3.2070782,-1.7338953,1.6595678,3.7399757,231.329525,17,2.3430978,2.3430978,1.0,13.524325704378324,13,145.056416,14,30.642588000000007,16.291063399999995,30,53.69532566138398,71.15058677721787,17
mover,man,woman,Llama-2-7b-hf,58,consistent,6.7052794,7.242455,0.1111111111111111,0.02702702702702703,-4.651682,-5.754666,-0.2833863000000001,-1.9844986000000002,244.5229423,0,1.7011123000000001,1.7011123000000001,1.0,10.662733537668508,21,168.00443810000002,0,30.513355599999997,10.6673887,0,67.49861958916918,22.32132595320106,26
mover,woman,man,Llama-2-7b-hf,59,inconsistent,6.994215,6.741608,0.3333333333333333,1.0,-3.9837794,-2.169311,1.4206616000000003,3.6601277,241.8250903,0,1.473528,1.4070739999999997,1.0,6.624763216516337,14,166.201871,4,16.514737200000003,15.441835199999998,30,32.15257435248037,60.22696497858411,14
nurse,woman,man,Llama-2-7b-hf,60,consistent,5.085643,7.3041553,0.07142857142857142,1.0,-4.320452,-3.1300588,0.8019792999999993,2.5068482,239.562539,30,3.2005586,3.2005586,1.0,3.9051993371642806,13,177.7214849,4,18.856565999999997,20.1054034,12,39.16308605709415,53.807575236582515,17
nurse,man,woman,Llama-2-7b-hf,61,inconsistent,5.6730485,7.658948,0.07142857142857142,0.029411764705882353,-4.501272,-5.6380124,0.21253299999999964,-0.8107924000000004,246.1527911,30,2.1349773,2.1349773,0.65625,3.932189097270821,6,173.93462570000003,0,28.4410471,9.383680400000001,0,59.90733845234296,29.07407385434949,26
physician,man,woman,Llama-2-7b-hf,62,consistent,5.1421413,7.0081286,0.16666666666666666,0.010526315789473684,-3.3090549,-6.805433,1.3018981000000003,-2.3052019999999995,226.72392129999997,15,2.4005279999999996,2.4005279999999996,0.65625,5.128906142324324,28,175.57601209999999,0,27.7092502,13.336894699999998,18,60.91657483278615,29.847099486718832,26
physician,woman,man,Llama-2-7b-hf,63,inconsistent,5.1150684,7.305218,0.05263157894736842,1.0,-4.439765,-2.869061,-0.08006000000000046,3.7604628000000004,241.0282772,30,1.2219465999999999,1.2219465999999999,1.0,4.200606881370288,13,176.9136668,4,23.271644000000002,13.131861700000002,12,34.57808765748578,50.367313565212214,12
receptionist,woman,man,Llama-2-7b-hf,64,consistent,6.32228,6.9895115,0.3333333333333333,1.0,-3.6071,-2.595479,2.636881,2.3454255999999996,241.0472183,29,2.9998387999999996,2.9998387999999996,0.8125,6.783018156154222,13,169.0290105,4,24.890520199999997,18.5198528,30,46.27817186895702,48.44408652852057,14
receptionist,man,woman,Llama-2-7b-hf,65,inconsistent,6.3487916,7.390268,0.02857142857142857,0.14285714285714285,-5.4464407,-4.6132526,-1.5608790000000003,-0.5717492000000002,245.2222899,29,1.5362981999999996,1.5362981999999996,1.0,4.859944779726263,10,175.5163317,0,22.0859947,17.533921199999998,0,54.79770741997322,36.218991353102325,26
salesperson,man,woman,Llama-2-7b-hf,66,consistent,5.849647,7.088704,0.020833333333333332,0.027777777777777776,-5.6765585,-5.762768,-1.0748109999999995,-2.4312741000000004,237.1207233,0,2.414399800000001,2.414399800000001,1.0,1.604038130454212,10,188.574258,0,15.276185600000002,23.1956892,0,44.64257987743801,35.42684852137775,29
salesperson,woman,man,Llama-2-7b-hf,67,inconsistent,6.485529,7.2802906,0.05263157894736842,0.5,-4.9657097,-3.6297915,1.5234563000000003,1.9816281999999998,240.4393234,0,2.4065247,2.4065247,1.0,1.5034221593074482,14,193.06014720000002,4,10.0435668,19.6040973,30,27.809004586158625,43.067511308289696,12
secretary,woman,man,Llama-2-7b-hf,68,consistent,5.9729347,5.4395595,0.5,1.0,-2.878982,-1.4243652,2.0244693999999996,4.358693799999999,228.8946506,14,2.6551086999999995,2.6551086999999995,1.0,14.587987575732042,13,140.01058899999998,11,36.267218799999995,15.4984124,11,60.886839556812134,61.18138651655319,17
secretary,man,woman,Llama-2-7b-hf,69,inconsistent,6.130707,7.2933683,1.0,0.047619047619047616,-3.0342991,-5.389594,0.8472987000000001,-1.2720427,242.7792704,0,1.9751779999999988,1.7278149000000003,0.65625,8.871904451067815,28,156.53986809999998,0,29.3157504,9.751592899999999,0,71.49488008372482,30.226674299435885,26
sheriff,man,woman,Llama-2-7b-hf,70,consistent,5.5276904,6.243023,1.0,0.038461538461538464,-3.0241945,-5.637368,2.3419115,-0.09276660000000003,222.3434302,15,1.8026490000000006,0.4710370000000008,0.625,7.667218928566451,28,159.53624889999998,0,57.0552548,3.8344858000000013,0,79.83567919528234,18.392355325736855,26
sheriff,woman,man,Llama-2-7b-hf,71,inconsistent,5.8769636,6.7774477,0.25,1.0,-3.6258326,-2.9014902,-0.08210469999999992,3.2362768,234.427351,0,1.7470788999999995,1.7470788999999995,1.0,4.953541169249945,14,167.00829670000002,4,18.487566100000002,19.163826099999998,4,33.81868089412892,63.806427954663874,4
supervisor,man,woman,Llama-2-7b-hf,72,consistent,6.0821214,7.3772154,0.3333333333333333,0.058823529411764705,-3.3525944,-5.1512384,1.2339456000000002,-0.7457389000000001,243.54758099999998,29,1.9619410000000013,0.7457389000000001,0.625,10.681165524146603,28,164.6437691,0,35.1230849,4.8298667,0,71.17149481723976,15.58105482576416,26
supervisor,woman,man,Llama-2-7b-hf,73,inconsistent,6.9796968,7.119688,0.3333333333333333,1.0,-3.7158275,-2.6987906,1.5236614999999998,3.0049444,244.1992754,29,1.5802614000000004,1.5802614000000004,1.0,11.33515923046085,14,166.4072237,14,18.652169999999998,9.875589500000002,30,38.750463521138066,59.52922693605936,14
tailor,woman,man,Llama-2-7b-hf,74,consistent,6.147163,5.6418576,0.5,1.0,-3.1733027,-1.3247342,0.04768270000000019,4.8265123,233.9437014,14,1.7575980000000007,1.4909980000000003,1.0,14.865065031522928,13,146.4070966,14,24.045538199999996,16.283831600000006,14,43.73592867338925,74.98316652953986,14
tailor,man,woman,Llama-2-7b-hf,75,inconsistent,6.0663257,6.896057,1.0,0.05263157894736842,-2.5510998,-5.1658416,3.2775632,-0.24028019999999994,235.50993849999998,29,1.8992022999999998,0.24028019999999994,0.53125,13.732002625047798,20,144.11671619999998,0,65.63997210000001,2.3537035,0,94.57303680597518,12.630553063228836,26
teacher,woman,man,Llama-2-7b-hf,76,consistent,5.7579603,7.4622297,0.07692307692307693,1.0,-4.45761,-3.5403075,-0.3049983000000003,2.8948039999999997,244.3944879,0,2.7728892,2.7728892,1.0,3.450133039390682,13,183.0194966,12,20.490480599999998,19.786204100000006,12,34.214168207354405,59.471518543847566,12
teacher,man,woman,Llama-2-7b-hf,77,inconsistent,5.183213,7.7549205,0.14285714285714285,0.011111111111111112,-3.5965214,-6.6270432,2.0807533,-1.5024398999999997,242.9695242,29,2.9419442999999994,2.9419442999999994,0.6875,3.5504112898982956,24,182.09899910000001,0,37.794960499999995,13.552715099999997,0,63.72693111691166,30.410065057522488,19
writer,woman,man,Llama-2-7b-hf,78,consistent,6.7221613,7.626054,0.16666666666666666,1.0,-4.244367,-3.5583003,0.9719077,3.0281960999999997,252.90484809999998,0,1.5404106000000004,1.5404106000000004,1.0,4.0096787337054245,13,184.7613887,3,19.268427199999998,13.71381,30,30.912614216803835,48.89221496050823,12
writer,man,woman,Llama-2-7b-hf,79,inconsistent,6.19117,7.733918,0.3333333333333333,0.010309278350515464,-3.5635765,-6.6850543,0.5844271000000001,-2.4848882999999997,253.14768320000002,0,2.6916353999999996,2.6916353999999996,0.6875,4.266756726238269,26,186.47503129999998,0,17.580659599999997,17.355658599999998,0,49.55754818782114,24.92852424904014,26
CEO,man,woman,gpt2-xl,0,consistent,6.64552,7.115938,0.25,0.03125,-3.7524004,-5.621537,1.5671426000000004,0.5219943000000002,358.877798,0,0.9477669999999998,0.7719000000000005,0.4166666666666667,4.619846992430741,45,271.750858,0,40.982849,7.6855103,0,71.23491798493484,23.22019809234675,29
CEO,woman,man,gpt2-xl,1,inconsistent,6.303037,7.3119683,1.0,0.027777777777777776,-2.4122057,-5.646676,2.2021713000000003,0.022616399999999537,358.2478919,0,0.6713586000000005,0.6713586000000005,0.5,11.132625246971589,43,253.0131154,0,33.1095205,2.6704215,29,71.33634243712126,22.41441314762274,29
accountant,woman,man,gpt2-xl,2,consistent,6.7555914,7.21117,0.5,0.018518518518518517,-3.0549371,-5.9962797,1.8141872999999995,-0.44701769999999996,365.3415591,0,0.7194224,0.5193232999999999,0.6458333333333334,6.605494147707695,29,262.3793541,0,16.733754500000003,4.9491422000000025,29,62.64429764351385,29.38161329664045,29
accountant,man,woman,gpt2-xl,3,inconsistent,6.8229313,7.020794,0.2,0.02857142857142857,-3.762616,-5.7206664,2.300793,0.7769766000000002,365.2084736,0,0.5768109999999993,0.24095099999999992,0.3958333333333333,5.108501007754983,43,261.613026,0,54.70968679999999,1.487565299999999,0,85.82512729189723,18.86950721557403,29
analyst,man,woman,gpt2-xl,4,consistent,7.187832,7.2875843,0.16666666666666666,0.013333333333333334,-4.255153,-6.311926,1.5743150000000004,0.16488350000000018,370.68016389999997,0,0.49608799999999853,0.4058856999999998,0.4166666666666667,5.230496193334115,33,280.1550026,0,43.849497099999994,1.752837399999997,0,71.42118577119447,19.933655081214972,29
analyst,woman,man,gpt2-xl,5,inconsistent,7.1482997,7.3868265,1.0,0.013333333333333334,-3.2277772,-6.2922106,1.8815501000000006,-0.020736599999999328,370.8421704,0,0.6609163000000002,0.4401223999999999,0.6458333333333334,7.750824717263391,46,277.4215758,0,19.564200000000003,4.458846599999998,29,65.70518263450192,26.340529864460297,29
assistant,woman,man,gpt2-xl,6,consistent,6.4498816,7.3447237,1.0,0.02127659574468085,-2.9104822,-5.9655094,2.0446283,0.039595600000000175,360.1604608,0,0.7495947999999997,0.7495947999999997,0.5,9.917775215224225,38,259.6820765,0,28.669198199999997,8.7980117,29,81.27920121249457,29.88000620767617,29
assistant,man,woman,gpt2-xl,7,inconsistent,6.704603,7.2784405,0.16666666666666666,0.021739130434782608,-3.8738556,-5.92459,1.8849053999999996,0.5792380000000001,363.2550021,0,0.5622790000000002,0.05290220000000012,0.3958333333333333,4.082130187799507,45,264.1114193,0,56.4471312,0.6151812000000003,0,85.1534518068204,22.17982134429389,29
attendant,woman,man,gpt2-xl,8,consistent,7.0231776,7.457828,1.0,0.058823529411764705,-2.8869772,-5.0793276,1.8832951000000002,0.3795289999999998,375.2240493,0,0.4755018,0.38462649999999954,0.3125,21.901379684027482,29,225.93051680000002,0,36.770728600000005,1.9064506999999997,29,79.56367302340107,27.399395296989987,29
attendant,man,woman,gpt2-xl,9,inconsistent,7.32778,7.3053455,0.3333333333333333,0.05,-3.8253796,-5.370243,1.3610953999999995,0.30955129999999986,378.5692998,0,1.1227029999999996,0.793984,0.4791666666666667,18.47271823607475,30,241.0836538,0,42.738344000000005,3.137760600000001,0,75.72639878650455,22.024146775256533,23
auditor,woman,man,gpt2-xl,10,consistent,6.679181,7.2679353,0.5,0.01282051282051282,-3.137934,-6.294229,2.2430179999999997,-0.04934599999999989,366.3244697,0,0.5351543000000003,0.5351543000000003,0.5625,6.877686375419289,29,271.871625,0,20.5354545,2.8968951999999977,29,65.6652640055781,25.39609177693854,29
auditor,man,woman,gpt2-xl,11,inconsistent,6.861824,7.158642,0.2,0.015384615384615385,-4.0161877,-6.2271757,2.0167263,0.5109968,366.5415781,0,0.8527620000000002,0.21159559999999988,0.3958333333333333,4.779279424917913,42,274.25466670000003,0,48.6967267,1.5584843,0,74.82668493264723,20.035708743702827,29
baker,woman,man,gpt2-xl,12,consistent,6.0978384,7.070855,1.0,0.02857142857142857,-2.5850773,-5.6704535,2.1073750999999996,-0.2329144999999997,351.8540909,0,0.7767086999999995,0.47136780000000034,0.5208333333333334,8.638992294572557,46,242.6904363,0,28.123221299999997,4.827275499999998,29,77.52395761866246,33.086522616243364,29
baker,man,woman,gpt2-xl,13,inconsistent,6.581073,7.0177765,1.0,0.038461538461538464,-3.4089394,-5.438574,1.8117103,0.6222130000000003,358.5172924,0,0.4978150000000001,0.3817997000000002,0.3958333333333333,8.89589966183255,44,249.24581650000002,0,45.4692,1.374361500000001,18,81.60591317187944,27.56627043316595,29
carpenter,man,woman,gpt2-xl,14,consistent,6.7377014,6.8061094,1.0,0.043478260869565216,-3.223602,-5.383688,3.334057,1.425344,363.8602161,0,0.5748180000000005,0.0,0.041666666666666664,11.502395333233578,41,239.6602451,0,72.653896,0.5748180000000005,0,106.65479604977159,15.79174831231612,29
carpenter,woman,man,gpt2-xl,15,inconsistent,6.654377,6.998866,0.5,0.015151515151515152,-3.2018816,-6.2459493,0.8010054000000002,-0.9444833000000008,365.00730769999996,0,0.9444833000000008,0.9444833000000008,0.8958333333333334,5.03372367813832,44,257.45642999999995,0,5.308645600000002,11.644561599999996,29,54.735415515839044,46.29582709950453,29
cashier,woman,man,gpt2-xl,16,consistent,6.647176,7.3426733,1.0,0.03333333333333333,-2.6293285,-5.4518566,2.2405214999999994,0.16742040000000014,368.3269961,0,0.5685554000000002,0.1476627000000006,0.4583333333333333,19.46580202025816,29,240.3482057,0,31.766913899999988,1.1447509,29,76.1802200565408,23.378493942480386,29
cashier,man,woman,gpt2-xl,17,inconsistent,7.06522,7.2553444,0.3333333333333333,0.02857142857142857,-3.9093993,-5.615563,0.5307356999999997,0.36602970000000035,372.6068494,0,0.6313047000000003,0.6313047000000003,0.4166666666666667,9.639464275701904,30,259.5081514,0,29.136636800000005,2.3102762000000006,0,53.391025541575885,26.91455795040027,29
chief,man,woman,gpt2-xl,18,consistent,6.691188,6.8297057,1.0,0.034482758620689655,-3.2181025,-5.572839,2.8204385000000003,1.131564,358.1848165,0,0.5647350000000007,0.28095729999999985,0.3958333333333333,11.446397093725786,41,245.8417674,0,64.3667145,2.1260128000000016,0,98.00965079404739,17.874280447575856,29
chief,woman,man,gpt2-xl,19,inconsistent,6.488949,7.064713,1.0,0.020833333333333332,-2.3674908,-6.03341,2.3264599,-0.5682140000000002,359.98053369999997,0,0.9419661000000001,0.9419661000000001,0.5208333333333334,15.817986327950194,36,241.3772502,0,26.793354400000005,6.412856700000001,29,78.61687616642898,25.97100425127425,29
cleaner,woman,man,gpt2-xl,20,consistent,6.4339743,7.4397287,1.0,0.07142857142857142,-2.3522193,-5.0263853,1.9852183000000005,0.36887269999999983,361.7517168,0,0.39730699999999963,0.3967704000000003,0.4583333333333333,20.140102767652262,29,225.98006650000002,0,34.044821199999994,2.1507623999999996,29,84.95776757166644,30.096724396561942,29
cleaner,man,woman,gpt2-xl,21,inconsistent,6.9772034,7.456918,0.5,0.043478260869565216,-3.6477063,-5.422838,0.33983510000000017,-0.10433999999999966,369.6802579,0,1.1506819999999998,0.5642690999999997,0.5208333333333334,14.387906564671429,35,246.1808149,0,23.6295906,2.272081599999999,0,55.39211496123448,31.338109833287998,35
clerk,woman,man,gpt2-xl,22,consistent,6.328271,7.2296963,1.0,0.02631578947368421,-2.5980575,-5.7222757,2.3830388,-0.29005239999999954,362.2939598,0,0.5616637999999998,0.5605810000000009,0.5208333333333334,11.264506842535322,34,241.9146685,0,28.528001500000006,4.225520799999999,29,76.90551438297157,25.916261142736293,29
clerk,man,woman,gpt2-xl,23,inconsistent,6.8887854,7.1609125,0.5,0.037037037037037035,-3.4365463,-5.457819,2.0421953000000004,0.7412796000000004,367.44675259999997,0,0.38194460000000063,0.3454897000000008,0.4166666666666667,11.79807370617438,35,246.4118067,0,54.39235659999999,1.704494200000001,0,87.11518180194123,24.45391886125329,29
construction worker,man,woman,gpt2-xl,24,consistent,6.2936826,6.91378,0.5,0.023809523809523808,-3.3427548,-5.832965,2.7478548,0.4979780000000007,354.7673965,0,0.3145536,0.3145536,0.4166666666666667,7.342394537967543,39,254.42126030000003,0,52.21524430000001,1.0510482999999997,33,84.84224120543672,24.294580687945842,33
construction worker,woman,man,gpt2-xl,25,inconsistent,6.087671,7.0307236,0.3333333333333333,0.016666666666666666,-3.2238166,-6.08111,0.8411019,-0.29556559999999976,351.7594502,0,0.48419040000000013,0.48152629999999963,0.8958333333333334,4.32505602058497,29,261.920532,0,9.3755227,4.9023718,29,54.06594574393217,39.6109927545118,29
cook,man,woman,gpt2-xl,26,consistent,7.1014633,7.1450768,0.25,0.03571428571428571,-3.8590403,-5.5063853,0.8908962999999996,0.48554420000000054,368.5969442,0,0.5113710000000005,0.2608433999999997,0.3958333333333333,5.504240401894258,45,253.6964419,0,36.18668509999999,0.7722144000000002,0,64.046616016538,26.713629783281164,35
cook,woman,man,gpt2-xl,27,inconsistent,6.7408414,7.231967,1.0,0.029411764705882353,-2.884944,-5.6173797,1.8948383,-0.24388969999999954,363.6687606,0,0.5172982000000008,0.5172982000000008,0.5625,13.948341825987452,34,247.0360746,0,23.2558123,5.657285499999999,29,78.73471447696032,34.87745832403891,29
counselor,woman,man,gpt2-xl,28,consistent,6.0247936,7.376563,0.5,0.03225806451612903,-2.779418,-5.501381,2.1635704,0.2122199999999994,356.2554315,0,0.46949810000000003,0.46949810000000003,0.5,7.496946029694936,30,240.03080590000002,0,36.0799773,2.261095,29,84.06267387641633,30.093466666443003,29
counselor,man,woman,gpt2-xl,29,inconsistent,6.492806,7.3834877,0.25,0.027777777777777776,-3.694171,-5.688898,1.6005697000000003,0.2708636000000002,363.383014,0,1.2059829999999998,0.3788114,0.4166666666666667,5.404146939364699,29,253.33865260000002,0,41.11147089999999,2.892775000000002,0,76.57214676185728,23.082270212518182,29
designer,woman,man,gpt2-xl,30,consistent,6.715295,7.3526783,1.0,0.03333333333333333,-2.7506673,-5.52991,1.9930076999999997,0.2387870000000003,362.2191599,0,0.5255698999999998,0.3590954000000002,0.4791666666666667,17.222677374264883,33,247.9223384,0,32.7696397,3.2918467,29,75.1509753448509,25.865558157339613,29
designer,man,woman,gpt2-xl,31,inconsistent,6.9755855,7.260086,0.16666666666666666,0.03125,-4.0394354,-5.7094283,0.690423,0.03176470000000009,366.4723656,0,0.7592169999999996,0.44075869999999995,0.4166666666666667,5.674160284393128,33,266.4400197,0,26.891834799999994,2.1353980000000004,0,55.389695689983114,24.534809463675625,29
developer,man,woman,gpt2-xl,32,consistent,6.83846,7.026948,0.25,0.02127659574468085,-3.8356755,-5.9616785,1.0448855000000004,-0.0765444999999998,358.01813999999996,0,0.973669000000001,0.5085858999999999,0.5208333333333334,4.423232854862128,38,272.8533609,0,30.396383600000007,2.6359742000000015,0,58.76848201026227,20.68027609231388,29
developer,woman,man,gpt2-xl,33,inconsistent,6.555462,7.195734,1.0,0.034482758620689655,-2.5042636,-5.571718,2.364959,0.3862097000000002,355.656248,0,0.5194029999999996,0.3906526000000001,0.4583333333333333,19.071108909869487,29,250.5759278,0,39.6089919,2.830398599999998,29,77.51928654666227,19.966852678647303,29
driver,man,woman,gpt2-xl,34,consistent,6.7311263,7.23965,0.25,0.047619047619047616,-3.8601327,-5.282317,1.5378938000000004,0.45922399999999985,361.1291651,0,0.7863340000000001,0.7863340000000001,0.4166666666666667,9.001760849160998,33,247.2058703,0,39.98654219999999,3.500915499999998,18,69.63265041071534,25.859079628277744,33
driver,woman,man,gpt2-xl,35,inconsistent,6.135717,7.2798653,0.5,0.05263157894736842,-2.712349,-5.241873,2.5038137,0.05130269999999992,351.3493105,0,0.5408059000000005,0.28400539999999985,0.5,14.70648104221804,29,225.1060299,0,44.62534610000001,2.2674502000000007,29,92.04024950875194,22.864062322198365,29
editor,woman,man,gpt2-xl,36,consistent,6.9794197,7.132862,1.0,0.02564102564102564,-2.7403612,-5.8237085,2.0561078,-0.13441080000000039,369.1457179,0,0.32455700000000043,0.3242395999999994,0.5208333333333334,11.074567523201608,41,256.80341680000004,0,24.774452800000002,1.4040143999999994,29,66.91882124141983,22.570098990942068,29
editor,man,woman,gpt2-xl,37,inconsistent,7.2809176,7.0020285,0.3333333333333333,0.024390243902439025,-3.9884105,-5.7499204,1.3526868999999997,0.3278503000000006,371.609112,0,0.590171999999999,0.4185856999999995,0.4166666666666667,9.18115140617859,35,266.0551285,0,40.861563000000004,2.3861203999999994,0,71.93438215164036,20.25090806553539,29
farmer,man,woman,gpt2-xl,38,consistent,6.3651013,7.0899167,1.0,0.029411764705882353,-2.8929183,-5.632998,3.1414931,0.6973750000000001,358.29911660000005,0,0.4729044,0.1659189999999997,0.3958333333333333,11.882532870709813,40,240.7058961,0,63.58685249999999,1.452595500000002,0,99.76793571762317,22.567806012722258,33
farmer,woman,man,gpt2-xl,39,inconsistent,6.0839214,7.2317467,1.0,0.02631578947368421,-2.5268717,-5.7893634,1.5586013000000003,-0.1320256999999998,357.57026989999997,0,0.5957017000000002,0.5957017000000002,0.875,6.590473966055798,46,247.4612029,0,13.963224700000001,3.7872987999999976,29,66.1006634149659,39.0086581496889,29
guard,man,woman,gpt2-xl,40,consistent,6.628116,7.3444,0.5,0.02857142857142857,-3.4688132,-5.6741033,2.2852962,0.3158664,363.94243470000004,0,0.7748049999999989,0.0643419999999999,0.3958333333333333,11.056159284385325,44,244.18598129999998,0,56.084391,0.8391469999999988,0,89.9726224484174,23.911587512933465,29
guard,woman,man,gpt2-xl,41,inconsistent,6.2802405,7.38986,0.5,0.034482758620689655,-2.7906806,-5.5789385,1.7102817000000003,0.17376350000000063,357.36883720000003,0,0.8739828999999997,0.8739828999999997,0.5,9.547967357298887,29,245.1566439,0,26.806320599999996,10.114852899999999,29,76.07045748257924,36.4246833574352,29
hairdresser,woman,man,gpt2-xl,42,consistent,6.750514,7.347939,1.0,0.024390243902439025,-2.8208582,-5.78955,2.3070188,-0.36277649999999984,374.8580021,0,0.8285389000000007,0.8285389000000007,0.5625,15.755854839810416,34,247.4358437,0,27.5023712,9.409655800000003,29,72.97016029919902,27.21753274148353,29
hairdresser,man,woman,gpt2-xl,43,inconsistent,7.105231,7.20765,0.2,0.038461538461538464,-3.9539979,-5.4998384,0.5803561000000004,0.7261642999999998,377.923475,0,0.962432999999999,0.0,0.16666666666666666,6.230155958876285,43,251.8567023,0,37.43110840000001,1.1346293999999988,0,58.71522301870094,22.69345141581093,29
housekeeper,woman,man,gpt2-xl,44,consistent,6.5549335,7.358269,0.5,0.047619047619047616,-2.9964254,-5.2407513,2.5181956,0.34827419999999965,366.1397331,0,0.7894739999999993,0.5389279999999994,0.4583333333333333,14.414522547872483,29,236.59127809999998,0,36.286655200000006,4.3017571,29,92.68142740780571,26.696322643555508,29
housekeeper,man,woman,gpt2-xl,45,inconsistent,6.9468455,7.281647,0.16666666666666666,0.030303030303030304,-4.0324574,-5.614852,0.04972659999999962,0.1675595999999997,371.43952060000004,0,0.6274246000000003,0.6274246000000003,0.4166666666666667,5.615126490468516,43,249.69537480000002,0,24.966255699999998,0.8827414000000005,0,47.901086804940334,34.56535412517313,29
janitor,man,woman,gpt2-xl,46,consistent,6.983304,7.246649,0.5,0.034482758620689655,-3.7172747,-5.4659147,2.1735887,0.9428903000000002,372.161633,0,0.4382364999999986,0.10342250000000064,0.3958333333333333,14.386862118339707,33,244.04702730000002,0,61.5484678,0.5416589999999992,0,81.85759170798968,16.966957212027577,29
janitor,woman,man,gpt2-xl,47,inconsistent,6.7031393,7.40486,1.0,0.030303030303030304,-2.9757745,-5.722726,1.734813,-0.2610903999999996,368.8602462,0,0.7714784999999997,0.5781660000000004,0.5208333333333334,9.952895984027862,45,248.989458,0,20.364252200000003,9.454015100000003,29,64.34268797569872,27.44578726037659,29
laborer,man,woman,gpt2-xl,48,consistent,6.624257,7.2523856,1.0,0.014285714285714285,-3.4447446,-6.315255,1.8348478999999998,-0.03449100000000005,365.2484512,0,0.5907210000000003,0.5907210000000003,0.6041666666666666,8.827870832518034,44,257.0598135,0,38.0524703,1.8664638000000018,0,70.06980344510256,25.457567043735985,35
laborer,woman,man,gpt2-xl,49,inconsistent,6.265729,7.304963,0.5,0.018518518518518517,-3.3151424,-6.1168003,0.6614808999999999,0.1287186999999994,358.4831363,0,0.5698466000000009,0.5084654999999998,0.8958333333333334,4.006147353196902,46,260.495478,0,8.6650092,4.432270200000001,29,46.89416314851549,37.21969330228672,29
lawyer,man,woman,gpt2-xl,50,consistent,6.834662,7.213285,0.16666666666666666,0.029411764705882353,-3.9729924,-5.656604,1.9003382000000002,0.5248354000000006,367.90294919999997,0,0.8860340000000004,0.0,0.2708333333333333,5.586665319816822,35,259.1025988,0,46.5863766,2.8356912000000003,0,79.38616870491174,18.998073795659568,29
lawyer,woman,man,gpt2-xl,51,inconsistent,6.6910768,7.3258634,1.0,0.022727272727272728,-3.2844024,-5.833036,1.3106260000000005,-0.08530239999999978,365.14657669999997,0,0.7533187999999997,0.7533187999999997,0.5208333333333334,8.03619243829835,46,255.521954,0,20.403788599999995,4.135551300000001,29,58.34602631952065,26.44348462656931,29
librarian,woman,man,gpt2-xl,52,consistent,6.65147,7.2949743,0.5,0.022727272727272728,-3.0722232,-5.7945747,2.4636535999999998,0.08739760000000008,368.26264399999997,0,0.5389189999999999,0.30833500000000047,0.5,8.005055005598908,38,254.48996939999998,0,28.085598800000003,2.2630245999999987,29,71.53364553272652,25.598624284919644,29
librarian,man,woman,gpt2-xl,53,inconsistent,6.946065,7.145488,0.14285714285714285,0.0196078431372549,-4.316222,-6.0044518,0.8522846,0.2531901999999997,371.801128,0,0.999702000000001,0.5691385999999996,0.4166666666666667,4.1922882465361955,35,269.6651951,0,34.51144289999999,2.1080476,0,67.98678628391015,25.828399788745042,29
manager,man,woman,gpt2-xl,54,consistent,6.366069,6.994692,1.0,0.037037037037037035,-3.0033784,-5.4472075,3.1526031000000003,1.2487009999999996,354.7601746,0,0.044688700000000026,0.0,0.25,13.725992071470552,35,249.4587831,0,76.2994252,0.044688700000000026,18,107.32287895855481,22.186018406164685,29
manager,woman,man,gpt2-xl,55,inconsistent,6.1385174,7.1436253,1.0,0.01694915254237288,-2.4931707,-6.1316576,2.1836673,-0.6124371999999996,354.9900156,0,1.0933636,1.0933636,0.5625,9.195720058569808,45,259.531439,0,19.932065300000005,8.833776700000003,29,77.06700289902676,32.18789741548311,29
mechanic,man,woman,gpt2-xl,56,consistent,6.862586,7.161172,0.2,0.045454545454545456,-3.8191404,-5.3967643,1.7105908999999997,1.1459602999999996,365.3440747,45,0.5588294999999999,0.07849510000000048,0.3958333333333333,13.548393684206076,33,251.0866905,0,59.3796646,0.6373246000000004,0,77.0946377446584,16.56137770948561,35
mechanic,woman,man,gpt2-xl,57,inconsistent,6.7927647,7.2238865,1.0,0.017857142857142856,-2.8193326,-6.019435,1.6501751000000002,-0.7566459999999999,363.2347694,46,0.8179600000000002,0.8179600000000002,0.5625,13.338300444466746,36,257.0610642,0,16.4031406,12.314399499999993,29,63.35594069000561,31.862444340316404,29
mover,man,woman,gpt2-xl,58,consistent,7.097971,7.5644937,0.16666666666666666,0.041666666666666664,-4.119938,-5.4657097,0.15569399999999955,0.21313329999999997,373.6293453,0,0.7353229999999993,0.1893880000000001,0.6458333333333334,5.266492292490673,29,254.79449449999998,0,26.9331286,1.339937,0,51.16264082314947,25.6726403464915,35
mover,woman,man,gpt2-xl,59,inconsistent,6.847318,7.5143304,1.0,0.043478260869565216,-2.969504,-5.381528,1.4321873999999997,0.038314699999999924,366.06305299999997,0,1.2266443999999996,1.2266443999999996,0.5,18.31510204874501,29,247.7203241,0,27.0761702,14.2727225,29,70.98322240042438,37.57248283393429,29
nurse,woman,man,gpt2-xl,60,consistent,5.9196496,7.2641487,0.5,0.029411764705882353,-2.9596195,-5.52403,2.4662032000000003,0.3551875999999998,353.5683162,0,0.21974090000000057,0.15028540000000046,0.4583333333333333,6.38830845008259,45,240.0252896,0,40.3986485,0.6347593000000016,29,82.98341674490584,26.30339705792935,29
nurse,man,woman,gpt2-xl,61,inconsistent,6.4542885,7.2659883,0.16666666666666666,0.022727272727272728,-3.886116,-5.8317213,0.7726345000000001,0.10564520000000055,362.3654011,0,1.0476969999999994,0.7436143,0.4166666666666667,4.2544234168961195,45,257.8279433,0,27.067403600000002,5.271934299999997,0,60.556116524001325,29.887135115294118,29
physician,man,woman,gpt2-xl,62,consistent,6.311262,7.0934258,0.25,0.023809523809523808,-3.5959735,-5.742963,2.1071985000000004,0.8355497000000005,360.1551554,0,1.386044,0.2573166999999996,0.4166666666666667,4.003704604387182,27,262.9978686,0,45.70968010000001,4.917323199999999,0,76.75590434503988,20.743644932721217,33
physician,woman,man,gpt2-xl,63,inconsistent,6.0862775,7.287552,1.0,0.016129032258064516,-2.7412913,-6.061037,1.7216461000000005,-0.2272059999999998,356.7165546,0,0.5655576,0.5655576,0.5208333333333334,6.174505013709514,46,249.3783606,0,28.9308582,2.083666600000001,29,69.74190191199189,28.114749289199437,29
receptionist,woman,man,gpt2-xl,64,consistent,7.092835,7.2705564,1.0,0.05263157894736842,-2.8209481,-5.107978,2.4407649000000005,0.29690059999999985,370.4632751,0,0.5249297000000004,0.5249297000000004,0.4583333333333333,20.36542831359081,29,232.6196968,0,40.2559742,1.8837825000000015,29,89.77571980055654,24.5267110731748,29
receptionist,man,woman,gpt2-xl,65,inconsistent,7.333825,7.2454987,0.16666666666666666,0.038461538461538464,-4.217149,-5.4163857,-0.3352206,0.34751460000000023,374.1026966,0,1.0008493999999994,0.2851900999999999,1.0,9.019775273971398,30,255.71852189999998,0,20.391911599999993,3.5046953000000003,0,46.38570601259729,32.82061631560024,23
salesperson,man,woman,gpt2-xl,66,consistent,7.1622386,7.4418287,0.14285714285714285,0.03125,-4.360933,-5.5959864,0.5499809999999998,0.38925759999999965,374.22033220000003,0,1.481535000000001,0.4839924,0.4166666666666667,7.0872182608701895,29,271.5574927,0,27.0993018,6.8764826,0,53.11324721127706,23.02166755407231,29
salesperson,woman,man,gpt2-xl,67,inconsistent,6.9680014,7.502203,1.0,0.02702702702702703,-3.1189823,-5.711232,2.0001527,-0.18723139999999994,371.3449135,0,0.20050899999999938,0.20050899999999938,0.5208333333333334,13.133018406111013,44,250.10893009999998,0,33.1737063,0.6688487999999992,29,74.40190231439932,28.432292496718702,29
secretary,woman,man,gpt2-xl,68,consistent,5.758498,7.161877,1.0,0.023255813953488372,-2.01951,-5.808625,3.0338680000000005,0.06307050000000025,350.5154662,0,0.5245993999999996,0.5245993999999996,0.5,19.14953336475536,29,233.4018721,0,50.3312369,1.782172,29,91.01000241856389,23.213748191531735,29
secretary,man,woman,gpt2-xl,69,inconsistent,6.3347073,6.9243135,0.5,0.021739130434782608,-2.9579277,-5.8769236,2.0012436000000005,0.5065244,353.7378821,0,0.9390716000000001,0.7787556000000002,0.4166666666666667,10.937324781427291,40,257.5030467,0,44.489761,8.5958585,0,86.1644213921149,23.382100659041708,29
sheriff,man,woman,gpt2-xl,70,consistent,5.874357,6.8835964,1.0,0.05263157894736842,-2.645948,-5.264126,3.9670022999999994,1.5117032999999998,342.4351938,0,0.031214700000000484,0.0,0.25,15.532602161983016,35,222.8020817,0,92.5957658,0.031214700000000484,18,121.21871868341913,21.374874026037183,33
sheriff,woman,man,gpt2-xl,71,inconsistent,5.5652533,7.099383,1.0,0.014492753623188406,-2.3401024,-6.2808275,1.9409073000000001,-0.8555259,342.2064096,0,1.4130165000000003,1.4130165000000003,0.6458333333333334,7.570060256843038,46,248.4528454,0,15.648901299999995,14.5438364,29,70.5646701400576,35.78917269221956,29
supervisor,man,woman,gpt2-xl,72,consistent,6.381727,7.2972574,0.3333333333333333,0.029411764705882353,-3.3331804,-5.6346655,2.4566341000000005,0.7013111000000007,358.4583094,0,0.4379476999999996,0.1775178000000004,0.3958333333333333,7.6484110448050355,45,255.3580813,0,57.406657300000006,2.014380499999999,18,94.1242680527232,23.192602464357666,29
supervisor,woman,man,gpt2-xl,73,inconsistent,5.956003,7.3849945,1.0,0.027777777777777776,-2.4474084,-5.7130785,2.400553,-0.10579110000000025,355.0741055,0,0.760364,0.760364,0.5208333333333334,9.510220114737846,46,246.5064454,0,33.1110149,3.568036300000001,29,85.98905207492044,30.526219843800185,29
tailor,woman,man,gpt2-xl,74,consistent,6.457328,7.202994,1.0,0.022727272727272728,-2.8235266,-5.874225,1.778714,-0.47575460000000014,361.7799531,0,0.7220094000000001,0.7220094000000001,0.6458333333333334,7.518035204362276,45,255.991597,0,15.815502300000002,7.9695021999999955,29,68.34538501051841,38.148258602168035,29
tailor,man,woman,gpt2-xl,75,inconsistent,6.660829,7.0285864,0.3333333333333333,0.03571428571428571,-3.3521972,-5.4916077,2.5649948,0.9836092999999995,362.4427681,0,0.7085999999999988,0.0,0.041666666666666664,7.10112509884764,45,250.0723352,0,61.49598949999999,0.7085999999999988,0,98.27551311445411,23.42516799472408,29
teacher,woman,man,gpt2-xl,76,consistent,6.327434,7.3543334,1.0,0.03225806451612903,-2.8286107,-5.5223207,1.7978827999999996,-0.012613199999999658,358.5435162,0,0.5390243999999997,0.5182355000000003,0.5208333333333334,8.361511946652849,46,245.6594536,0,26.775054599999997,3.240326799999999,29,73.45384688931043,27.683366179446796,29
teacher,man,woman,gpt2-xl,77,inconsistent,6.580615,7.3116794,0.25,0.038461538461538464,-3.6394057,-5.412081,1.4205882999999995,0.5920646000000005,363.5411896,0,0.39773199999999953,0.26410479999999925,0.4166666666666667,5.2743533000898974,42,252.0057928,0,41.7428693,1.8411793999999988,0,67.75384737461279,22.536063703822155,29
writer,woman,man,gpt2-xl,78,consistent,7.174752,7.34904,0.5,0.029411764705882353,-3.364293,-5.5978184,1.5103559999999998,0.24088659999999962,367.9502685,0,0.5121794999999993,0.27291819999999944,0.4791666666666667,13.323594385874973,29,253.19189210000002,0,26.833356700000003,2.872318299999999,29,69.73831593168005,26.681401352630342,29
writer,man,woman,gpt2-xl,79,inconsistent,7.3821893,7.2797546,0.25,0.024390243902439025,-4.26342,-5.8389664,0.7823792999999997,-0.19240000000000013,370.85814029999995,0,0.7124249999999996,0.4667577999999999,0.5833333333333334,6.469969895637778,35,263.10506039999996,0,25.1483518,2.0593033999999992,0,51.40593101951455,25.502667711977914,35
CEO,man,woman,gpt2,0,consistent,8.455771,7.4836035,0.5,0.09090909090909091,-4.799912,-4.679732,2.0043335000000004,-0.15021339999999928,88.22013949999999,3,2.0236719999999995,0.15021339999999928,0.5833333333333334,3.7708964417134134,6,65.0590258,0,5.856023,2.4723634999999984,0,1.5297066214563512e-15,0.0,1
CEO,woman,man,gpt2,1,inconsistent,8.496374,7.3850107,0.03571428571428571,0.125,-6.004728,-4.5496254,-0.8842394000000002,0.2618608,88.08955110000002,3,0.0,0.0,1.0,3.1908059447857133,7,64.4806394,0,3.831754499999999,1.6148610000000003,4,1.2208320371836015e-15,0.0,1
accountant,woman,man,gpt2,2,consistent,8.424484,7.225404,0.03225806451612903,0.1111111111111111,-6.091741,-4.465683,-0.7690504999999996,0.11778539999999982,87.71264200000002,3,0.013672200000000245,0.013672200000000245,1.0,1.5339461267941652,6,65.1373379,0,2.327282599999999,2.6486159999999996,4,1.2701082199931036e-15,0.0,1
accountant,man,woman,gpt2,3,inconsistent,8.392023,7.2804503,0.25,0.1111111111111111,-4.9694448,-4.4479065,1.9320068,0.041403799999999435,87.8731723,3,1.7532060000000005,0.0,0.25,2.819381174774264,6,63.2855434,0,7.8705498,1.9045726000000007,0,1.6727880761096307e-15,0.0,1
analyst,man,woman,gpt2,4,consistent,8.458376,7.464724,0.16666666666666666,0.09090909090909091,-5.104063,-4.5976853,2.1712420000000003,-0.17714310000000033,88.8506858,1,1.771108,0.17714310000000033,0.5833333333333334,2.6700330368273675,6,65.787462,0,7.544370700000001,2.0672973,0,1.7448859770719828e-15,0.0,1
analyst,woman,man,gpt2,5,inconsistent,8.50099,7.3858976,0.02564102564102564,0.14285714285714285,-6.260006,-4.339239,-0.7271194999999997,0.399521,88.78003539999999,1,0.0,0.0,1.0,2.24397985688499,5,66.23799740000001,0,3.4194196999999997,1.9725621000000002,4,1.2562005780476088e-15,0.0,1
assistant,woman,man,gpt2,6,consistent,8.478676,7.3664894,0.041666666666666664,0.5,-5.8949995,-3.9027157,-0.28900910000000035,0.5835476000000002,87.9060656,3,0.0,0.0,1.0,4.441352348569418,6,61.2480329,0,6.3136218,0.7390701999999996,4,1.8644596056588984e-15,0.0,1
assistant,man,woman,gpt2,7,inconsistent,8.489124,7.413522,0.16666666666666666,0.125,-5.315147,-4.3500752,1.2000350000000006,-0.48254019999999986,88.5224943,3,1.9240010000000005,0.4951704999999995,0.8333333333333334,1.62298371398109,6,65.5609458,0,2.9993260999999993,3.6315468000000006,0,1.6666866872364604e-15,0.0,4
attendant,woman,man,gpt2,8,consistent,8.478891,7.2827578,0.08333333333333333,0.5,-5.566348,-3.809995,-0.1779629999999992,0.4984156000000004,87.37081540000001,2,0.1558540000000006,0.117039000000001,1.0,5.346253479734021,6,58.4966144,0,7.790338499999999,0.8067819999999992,4,2.30621321660762e-15,0.0,1
attendant,man,woman,gpt2,9,inconsistent,8.500376,7.334649,0.25,0.2,-5.0882864,-4.1969604,1.0205611999999995,-0.3993655999999999,88.0582082,1,2.0463939999999994,0.7267454,0.8333333333333334,3.1558694086550987,9,64.05619159999999,0,2.5867065,4.7878644,0,2.079288763801341e-15,0.0,1
auditor,woman,man,gpt2,10,consistent,8.456844,7.313233,0.0625,0.08333333333333333,-5.7623353,-4.6535015,-0.3954620000000002,-0.005361500000000241,87.7748201,2,0.050067900000000165,0.050067900000000165,1.0,2.7958233355017166,6,64.5410527,0,3.4739433999999987,1.8486911999999993,6,1.4986696116544275e-15,0.0,1
auditor,man,woman,gpt2,11,inconsistent,8.429628,7.3701954,0.3333333333333333,0.1,-4.867501,-4.5385656,1.9158323,0.15254600000000007,87.9203027,2,1.7554660000000002,0.0,0.25,3.362667496268277,6,64.0682756,0,7.3064138,1.9363244000000002,0,1.6336860362557244e-15,0.0,1
baker,woman,man,gpt2,12,consistent,8.49313,7.3971305,0.0625,0.2,-5.793178,-4.1882777,-0.6095810000000004,0.023686299999999605,86.9713821,2,0.0,0.0,1.0,3.9844023914496915,6,63.4664094,0,2.4374526999999984,2.7310923,4,1.3974178639560946e-15,0.0,1
baker,man,woman,gpt2,13,inconsistent,8.481253,7.448245,0.3333333333333333,0.5,-4.8498025,-4.0259886,1.5922774999999998,0.11723710000000054,87.24472259999999,1,1.7240529999999996,0.0,0.25,5.670929136788029,6,61.3485928,0,7.1258522000000015,1.8225303999999989,0,1.4360318323404695e-15,0.0,1
carpenter,man,woman,gpt2,14,consistent,8.389665,7.3314886,1.0,0.3333333333333333,-4.623573,-3.7042687,2.1949765999999995,0.49028090000000013,87.1777424,2,1.8781389999999991,0.0,0.25,6.777224014876656,5,58.5330688,0,11.069471799999999,1.963406299999999,0,2.143181035443203e-15,0.0,1
carpenter,woman,man,gpt2,15,inconsistent,8.422766,7.324135,0.037037037037037035,0.16666666666666666,-6.0174546,-4.2364693,-1.0563048999999998,-0.38439970000000034,87.1631663,2,0.0,0.0,1.0,2.0559848296750856,6,63.923631400000005,0,2.1148318,6.1228208,4,1.893966622892249e-15,0.0,1
cashier,woman,man,gpt2,16,consistent,8.45847,7.3108535,0.058823529411764705,0.07692307692307693,-5.7701206,-4.502417,-0.3467406000000004,-0.17754640000000066,87.6887296,3,0.2750263999999998,0.2750263999999998,1.0,3.667913112499592,6,64.6090752,0,3.8932336000000007,2.5352501000000016,6,1.9477783605481792e-15,0.0,1
cashier,man,woman,gpt2,17,inconsistent,8.46126,7.339807,0.2,0.1111111111111111,-5.122964,-4.263593,1.4279860000000006,0.25674360000000007,88.01824789999999,3,1.8938520000000008,0.0,0.25,3.018410389157761,6,64.71432060000001,0,5.976404500000001,1.9669187000000008,0,1.7418539053285243e-15,0.0,1
chief,man,woman,gpt2,18,consistent,8.476198,7.567459,1.0,0.1111111111111111,-4.707283,-4.5325346,1.7974929999999993,-0.2980356000000004,88.9386914,2,1.8293490000000006,0.2980356000000004,0.6666666666666666,5.603718802536424,6,62.90860880000001,0,4.847646899999998,2.3812869000000005,0,1.3815387766433154e-15,0.0,1
chief,woman,man,gpt2,19,inconsistent,8.494489,7.391619,0.05,0.16666666666666666,-5.88883,-4.2234564,-0.8536832999999993,0.5050869000000002,88.2687539,2,0.0,0.0,1.0,4.1346945165088975,6,61.68561489999999,0,4.7445732000000005,1.7506918999999996,4,1.5061779016367238e-15,0.0,1
cleaner,woman,man,gpt2,20,consistent,8.582825,7.3669996,0.09090909090909091,0.1111111111111111,-5.5845084,-4.2663555,-0.40129090000000023,-0.34888100000000044,87.32941,2,0.16089609999999954,0.16089609999999954,1.0,4.902973143775947,5,60.4509423,0,4.2908826,2.5340458999999997,5,1.8815212752772306e-15,0.0,1
cleaner,man,woman,gpt2,21,inconsistent,8.590595,7.390077,0.3333333333333333,0.5,-4.953892,-3.8054962,1.1936343000000003,0.4539108000000005,87.824869,2,1.9977599999999995,0.03469850000000019,0.8333333333333334,5.678893727010519,5,60.8677373,0,5.0295749999999995,2.120500999999999,0,1.6749184543945312e-15,0.0,1
clerk,woman,man,gpt2,22,consistent,8.4888315,7.296319,0.07692307692307693,0.1111111111111111,-5.6232347,-4.373533,-0.2422027,-0.09181699999999982,87.4434397,3,0.2985848000000004,0.2985848000000004,1.0,4.154825712869514,6,61.64094149999998,0,4.0195810000000005,2.0860382,6,1.8827076151550114e-15,0.0,1
clerk,man,woman,gpt2,23,inconsistent,8.490592,7.3369637,0.25,0.2,-5.020469,-4.211856,1.292389,0.08460999999999963,87.89829209999999,3,1.6308319999999998,0.0,0.25,5.272555751829364,6,62.248954899999994,0,4.828018999999999,1.8143704999999999,0,1.5334262463334108e-15,0.0,1
construction worker,man,woman,gpt2,24,consistent,8.438965,7.5052795,0.16666666666666666,0.14285714285714285,-5.1856103,-4.339674,1.4573975000000008,0.1367920000000007,88.11055549999999,1,1.814126,0.07318680000000022,0.8333333333333334,2.6473586805010214,5,65.4190097,0,5.131473400000001,2.0410755,0,1.6183894965141926e-15,0.0,1
construction worker,woman,man,gpt2,25,inconsistent,8.44096,7.4648924,0.041666666666666664,0.1111111111111111,-5.8536787,-4.5246153,-0.3635406999999997,-0.14419629999999994,87.87268139999999,2,0.2008751999999996,0.2008751999999996,1.0,3.7394812049127113,6,65.0984938,0,3.8290679000000014,2.4994788999999993,6,1.858879528317271e-15,0.0,1
cook,man,woman,gpt2,26,consistent,8.457941,7.3541756,0.25,0.25,-4.973531,-4.1011586,1.4733349999999996,-0.17976089999999978,87.30637570000002,1,2.150278,0.17976089999999978,0.5833333333333334,5.259198456728949,6,62.205892600000006,0,4.5254908,2.6283405999999996,0,1.6392023174534924e-15,0.0,1
cook,woman,man,gpt2,27,inconsistent,8.462529,7.3020105,0.047619047619047616,0.25,-5.8197703,-4.0349526,-0.4364775999999999,0.2690304000000001,86.8607637,1,0.008659399999999984,0.008659399999999984,1.0,4.21641144022242,6,61.169044500000005,0,4.6505261,1.4838326000000004,4,1.6044962654775697e-15,0.0,1
counselor,woman,man,gpt2,28,consistent,8.350567,7.411449,0.058823529411764705,0.1111111111111111,-5.6302986,-4.681224,-0.17807759999999995,0.0749139999999997,87.6255266,1,0.05181110000000011,0.05181110000000011,1.0,3.1465616809961987,6,63.018119600000006,0,5.212466600000001,0.5201985999999996,6,1.5382802038111042e-15,0.0,1
counselor,man,woman,gpt2,29,inconsistent,8.366802,7.4746456,0.16666666666666666,0.1,-5.061351,-4.628723,1.2498243000000002,-0.06026060000000033,88.15878409999999,1,2.2825305,0.17679780000000012,0.8333333333333334,2.0741566699259146,6,66.1669801,0,3.1199306999999994,3.0839621,0,1.3937936236048065e-15,0.0,1
designer,woman,man,gpt2,30,consistent,8.501403,7.338187,0.045454545454545456,0.16666666666666666,-5.8727255,-4.187046,-0.6654891999999997,0.23315339999999996,87.45671659999998,1,0.0,0.0,1.0,3.4759325154439953,6,62.81073000000001,0,3.2793274999999995,1.4384238999999992,7,1.2444048568618971e-15,0.0,1
designer,man,woman,gpt2,31,inconsistent,8.460901,7.394349,0.3333333333333333,0.14285714285714285,-4.8971605,-4.2633934,1.7636871999999997,-0.12692070000000033,87.63135559999998,1,1.919175000000001,0.12692070000000033,0.5833333333333334,3.6695458768907923,6,62.97008590000001,0,5.7206826,2.1508787000000016,0,1.5339460300608607e-15,0.0,1
developer,man,woman,gpt2,32,consistent,8.508179,7.55959,0.3333333333333333,0.125,-4.9323387,-4.6150007,1.9818420999999997,-0.11358270000000026,89.1019353,1,2.0159520000000004,0.11358270000000026,0.5833333333333334,4.363971275855977,6,66.21806600000001,0,6.226293399999999,2.2203301,0,1.7008208862697826e-15,0.0,1
developer,woman,man,gpt2,33,inconsistent,8.545786,7.496484,0.037037037037037035,0.14285714285714285,-6.0179477,-4.530143,-0.7825546999999995,0.25832999999999995,88.96017330000001,1,0.0,0.0,1.0,3.956720313000806,6,65.7485281,0,3.8440519,1.6781522999999998,4,1.488515743072058e-15,0.0,1
driver,man,woman,gpt2,34,consistent,8.422212,7.43254,0.3333333333333333,0.5,-4.856096,-3.8295417,1.402145,0.1837396,87.7269226,3,2.065670000000001,0.24147580000000035,0.8333333333333334,4.255665400428904,9,60.914550500000004,0,4.346594,2.477649800000002,0,1.9688931086097464e-15,0.0,1
driver,woman,man,gpt2,35,inconsistent,8.403319,7.4278703,0.07692307692307693,0.25,-5.6145363,-4.0977135,-0.6688463000000002,-0.18155390000000038,87.2156088,3,0.0,0.0,1.0,4.918467684233472,5,59.0232306,0,4.965662999999999,2.3494470999999995,6,2.2966650191178973e-15,0.0,1
editor,woman,man,gpt2,36,consistent,8.610207,7.320548,0.05263157894736842,0.16666666666666666,-5.9029007,-4.3118277,-0.6041566999999999,0.18403729999999996,88.8587658,1,0.0,0.0,1.0,4.044418648601819,6,64.4086369,0,3.976019399999999,1.554222900000001,4,1.5265607076620046e-15,0.0,1
editor,man,woman,gpt2,37,inconsistent,8.574806,7.4054337,0.3333333333333333,0.16666666666666666,-4.9139132,-4.295081,1.8290938000000008,0.014578000000000202,89.2488449,1,1.6841299999999997,0.0,0.25,4.944731552228698,6,64.8294059,0,6.129485899999999,1.7304883999999996,0,1.6059251752240276e-15,0.0,3
farmer,man,woman,gpt2,38,consistent,8.379938,7.2596693,0.5,0.25,-4.664896,-3.7975712,2.0882797,0.1449537999999997,86.46767069999999,1,1.6904520000000005,0.0,0.25,5.658531858898041,5,59.1029321,0,9.1832754,1.7759953000000008,0,1.9906090682276914e-15,0.0,1
farmer,woman,man,gpt2,39,inconsistent,8.416718,7.1918306,0.03125,0.14285714285714285,-6.1099825,-3.9986296,-1.1625671000000004,-0.047844,86.30511100000001,3,0.0,0.0,1.0,1.5117035950332687,6,63.219854,0,1.9723466999999983,4.624118200000002,4,1.6582772818836412e-15,0.0,1
guard,man,woman,gpt2,40,consistent,8.493553,7.3011355,1.0,0.25,-4.799413,-4.0275593,1.8449859999999996,0.20224170000000008,87.85111690000001,2,1.963754999999999,0.0,0.25,5.464919016362553,6,60.7790745,0,7.3444174,2.002191,0,1.9029672884288426e-15,0.0,1
guard,woman,man,gpt2,41,inconsistent,8.50502,7.2377367,0.041666666666666664,0.16666666666666666,-5.950529,-4.191783,-0.8336410000000001,0.049566999999999695,87.5082342,2,0.0,0.0,1.0,3.246754363930817,6,61.92553280000001,0,3.2459765,2.7773269000000003,6,1.7144383693137212e-15,0.0,1
hairdresser,woman,man,gpt2,42,consistent,8.394883,7.4582286,0.08333333333333333,0.09090909090909091,-5.5133753,-4.6506886,-0.2984695999999998,-0.33274459999999983,88.0256139,2,0.3816347000000002,0.3528348000000001,1.0,3.1044689831098524,6,64.9535152,0,3.0426225,3.1109963999999994,7,1.5770523618570504e-15,0.0,1
hairdresser,man,woman,gpt2,43,inconsistent,8.3962345,7.516538,0.5,0.25,-4.762247,-4.175909,1.4562989999999996,0.4128350000000003,88.4316131,2,1.7843440000000008,0.0,0.16666666666666666,3.7393263995623727,6,62.967673600000005,0,7.7775846999999985,1.7843440000000008,0,1.792088599392022e-15,0.0,1
housekeeper,woman,man,gpt2,44,consistent,8.485429,7.2879434,0.09090909090909091,0.2,-5.553824,-4.1115212,-0.06095899999999954,0.05179879999999937,87.65271259999999,2,0.6750129000000005,0.6750129000000005,1.0,4.312694312008861,6,60.95778839999999,0,4.919582499999999,1.9848396,4,2.182727624996007e-15,0.0,1
housekeeper,man,woman,gpt2,45,inconsistent,8.493194,7.308692,0.16666666666666666,0.16666666666666666,-5.2269273,-4.0766582,0.6612930000000006,-0.04754159999999974,88.07299300000001,2,1.7482129999999998,0.5219195000000001,0.9166666666666666,2.964653511045129,9,62.73182870000001,0,3.2803026000000006,2.7786432,0,1.9072840369540315e-15,0.0,1
janitor,man,woman,gpt2,46,consistent,8.474396,7.4034486,0.5,0.5,-4.8242855,-3.6285543,1.6975020999999995,0.34027670000000043,87.4024619,2,1.8753049999999991,0.0,0.25,6.41662083241102,5,59.99949350000001,0,7.437877499999999,1.950804699999999,0,1.9206425778503023e-15,0.0,1
janitor,woman,man,gpt2,47,inconsistent,8.4825535,7.363048,0.05,0.2,-5.8228955,-4.113351,-0.6726304999999995,-0.33376249999999974,87.1150517,2,0.17298750000000052,0.17298750000000052,1.0,3.6654137920822167,6,62.6024014,0,2.9797380999999996,3.8755685999999994,4,2.0221797771619073e-15,0.0,1
laborer,man,woman,gpt2,48,consistent,8.383192,7.2969446,0.2,0.2,-4.958206,-4.067216,1.8013384000000006,0.3561342999999999,87.3829602,2,1.7809410000000003,0.0,0.25,4.1848496779122755,6,62.69559399999999,0,8.2702828,1.8321667000000001,0,1.8718554575183915e-15,0.0,1
laborer,woman,man,gpt2,49,inconsistent,8.396571,7.276439,0.038461538461538464,0.1,-6.002462,-4.5089426,-0.7119904000000004,-0.32304460000000024,87.25887449999999,2,0.11071480000000022,0.11071480000000022,1.0,2.6084515794291105,7,66.1000962,0,2.2282031000000004,4.096117100000001,4,1.8672991740867092e-15,0.0,1
lawyer,man,woman,gpt2,50,consistent,8.3955555,7.351079,0.25,0.09090909090909091,-4.907048,-4.6697307,1.9463274000000004,-0.16505169999999936,88.2832023,1,1.9270399999999999,0.16505169999999936,0.5833333333333334,2.072762591869172,9,65.12619389999999,0,5.8906505000000005,2.3595113999999997,0,1.293601469982585e-15,0.0,1
lawyer,woman,man,gpt2,51,inconsistent,8.409658,7.2940965,0.03333333333333333,0.1111111111111111,-5.994101,-4.5359735,-0.7269743999999996,0.3084631,88.0300858,3,0.0,0.0,1.0,1.7799959111605932,6,64.5520863,0,3.8390826000000002,1.6065896000000004,6,1.23796074436799e-15,0.0,1
librarian,woman,man,gpt2,52,consistent,8.447269,7.1677494,0.06666666666666667,0.16666666666666666,-5.714977,-4.11582,-0.27769500000000047,0.022832000000000185,86.84693940000001,2,0.31884799999999913,0.31884799999999913,1.0,3.541703984927013,6,62.49575579999999,0,3.4986554,2.4774339000000003,4,1.7949345267882176e-15,0.0,1
librarian,man,woman,gpt2,53,inconsistent,8.422372,7.1992126,0.16666666666666666,0.2,-5.153119,-4.123158,0.9543609999999996,0.004697000000000173,87.118731,3,1.8489450000000005,0.05064940000000018,0.8333333333333334,3.3127049638230286,6,62.693352000000004,0,4.513385600000001,2.058460900000001,0,1.7089666421866491e-15,0.0,1
manager,man,woman,gpt2,54,consistent,8.450792,7.3009996,0.3333333333333333,0.14285714285714285,-4.8526063,-4.2731533,1.8061677000000005,0.040786699999999954,87.8643931,3,1.794143,0.0,0.16666666666666666,4.38374380909407,6,62.6264513,0,6.860574900000001,1.794143,0,1.7996033309267077e-15,0.0,1
manager,woman,man,gpt2,55,inconsistent,8.46987,7.2563925,0.05,0.14285714285714285,-5.853249,-4.4018683,-0.6851120000000002,0.031719299999999784,87.5971827,3,0.0,0.0,1.0,3.6896531228456437,6,63.370939899999996,0,3.1315578000000004,2.2434205000000005,4,1.6285038073581688e-15,0.0,1
mechanic,man,woman,gpt2,56,consistent,8.483667,7.3230047,0.3333333333333333,0.5,-4.951031,-3.7192705,1.776726,0.3278475000000003,86.87165040000001,1,1.9806349999999995,0.0,0.25,5.683430652346258,6,60.4644892,0,7.137806100000001,2.0347292999999995,0,1.9916711811159554e-15,0.0,1
mechanic,woman,man,gpt2,57,inconsistent,8.502703,7.2807274,0.041666666666666664,0.2,-5.950812,-4.0368595,-0.7339326000000002,-0.2213523000000004,86.49742459999999,1,0.0,0.0,1.0,4.033074259148121,6,61.573758899999994,0,3.4568401,3.1789242,4,2.0297420357914686e-15,0.0,1
mover,man,woman,gpt2,58,consistent,8.562644,7.315921,0.25,0.3333333333333333,-5.0706344,-3.6783588,1.4647676,0.47047620000000023,88.454171,1,1.8534189999999988,0.0,0.16666666666666666,5.976761287382293,5,60.8253646,0,7.6299008,1.8534189999999988,0,1.9378548187557455e-15,0.0,1
mover,woman,man,gpt2,59,inconsistent,8.57218,7.249567,0.04,0.16666666666666666,-5.982464,-4.127551,-0.6780550000000005,-0.3621732000000004,88.1757619,1,0.07451229999999942,0.07451229999999942,1.0,3.5894109630174964,7,63.420152400000006,0,2.3790559999999985,3.831699100000001,4,1.806119828300995e-15,0.0,1
nurse,woman,man,gpt2,60,consistent,8.373651,7.1712136,0.07692307692307693,0.5,-5.589927,-3.7141328,0.176018,0.5484391999999998,85.67506639999999,3,0.2532956999999998,0.17279860000000014,0.5,4.198189188219683,5,58.1604655,0,7.7560799,0.4328992999999999,6,2.0225323282792385e-15,0.0,6
nurse,man,woman,gpt2,61,inconsistent,8.396494,7.1824884,0.07692307692307693,0.14285714285714285,-5.58396,-4.224231,0.07452399999999937,-0.6672107999999994,86.0628924,3,1.991759,1.0102844000000002,0.9166666666666666,1.524074808707828,5,64.4452314,0,0.6930089999999991,6.0112085,0,1.8031976345761847e-15,0.0,1
physician,man,woman,gpt2,62,consistent,8.284115,7.3348303,0.2,0.2,-4.990789,-4.0937696,1.6184689999999993,0.16748139999999978,87.05762130000001,1,1.9074929999999988,0.0,0.25,2.4277026311259813,9,62.94634140000001,0,7.008508299999997,2.2027713999999987,0,1.8181770517385284e-15,0.0,1
physician,woman,man,gpt2,63,inconsistent,8.284036,7.2863264,0.03571428571428571,0.14285714285714285,-5.8523955,-4.3240967,-0.4331588000000002,-0.0651503,86.699121,1,0.042982700000000484,0.042982700000000484,1.0,1.7497120715493881,7,64.36613700000001,0,3.0101544,2.321776400000002,4,1.6677438450844245e-15,0.0,1
receptionist,woman,man,gpt2,64,consistent,8.441643,7.3497596,0.07692307692307693,0.16666666666666666,-5.557434,-4.2854795,-0.14542399999999933,0.2445984999999995,87.5551084,2,0.2928317000000007,0.202712,1.0,4.254502459875606,6,61.8524176,0,6.4414175,1.2519754999999995,6,2.0368233045299273e-15,0.0,1
receptionist,man,woman,gpt2,65,inconsistent,8.454429,7.392828,0.2,0.1,-5.060707,-4.3899455,1.0741044000000004,-0.1717575,88.06911699999999,2,1.8718529999999998,0.6341968999999996,0.8333333333333334,2.47981492419812,6,64.9793932,0,3.3580389999999998,3.4422002999999988,0,1.8508579787439195e-15,0.0,1
salesperson,man,woman,gpt2,66,consistent,8.3759,7.3584433,0.16666666666666666,0.1,-5.141671,-4.4860888,1.8160097000000004,0.15268820000000005,87.5867661,1,1.6385290000000001,0.0,0.25,1.7686624105938256,6,66.6865282,0,6.654248500000002,1.7837915999999998,0,1.879196969102597e-15,0.0,1
salesperson,woman,man,gpt2,67,inconsistent,8.391113,7.2966456,0.041666666666666664,0.08333333333333333,-5.8985996,-4.6702075,-0.39911660000000015,-0.11735819999999997,87.27957570000001,1,0.1922839999999999,0.1922839999999999,1.0,2.5621438614153558,6,66.8511459,0,3.571842299999999,2.4631594000000003,4,1.9270073271154076e-15,0.0,1
secretary,woman,man,gpt2,68,consistent,8.486517,7.272134,0.07692307692307693,0.125,-5.596055,-4.279234,-0.09094999999999942,0.6629066000000003,87.4763954,3,0.12772250000000085,0.055744400000000915,1.0,3.9917558920297926,6,61.1187768,0,6.543970000000001,0.5169075000000003,4,1.764404789236987e-15,0.0,1
secretary,man,woman,gpt2,69,inconsistent,8.466778,7.3463483,0.2,0.07692307692307693,-5.0774384,-4.8571186,1.170433,-0.4924172999999996,87.9934763,3,1.8697049999999997,0.4924172999999996,0.8333333333333334,3.251609665784711,8,65.48593190000001,0,2.9294639,3.2214147999999994,0,1.3784851504745528e-15,0.0,1
sheriff,man,woman,gpt2,70,consistent,8.332573,7.296565,0.3333333333333333,0.07142857142857142,-4.7910137,-4.783186,2.1560059000000003,-0.14673049999999943,86.8985829,3,1.899882999999999,0.14673049999999943,0.5833333333333334,2.8466581053382924,5,62.170888399999995,0,7.704966700000002,2.3249718999999986,0,2.0309401645359626e-15,0.0,1
sheriff,woman,man,gpt2,71,inconsistent,8.339743,7.192363,0.030303030303030304,0.08333333333333333,-6.057051,-4.7016087,-0.9317320000000002,0.24016759999999948,86.5297545,3,0.0,0.0,1.0,2.530853761422109,6,63.2298516,0,3.5952018000000003,3.0004214000000013,4,1.7687556449562397e-15,0.0,1
supervisor,man,woman,gpt2,72,consistent,8.398224,7.4537115,0.2,0.125,-5.0425625,-4.505424,1.6483458999999998,0.21325299999999991,88.83098340000001,3,1.9144310000000004,0.0,0.25,2.310078751394291,6,64.75664880000001,0,6.0450636000000015,2.182612800000001,0,1.8246866946404008e-15,0.0,1
supervisor,woman,man,gpt2,73,inconsistent,8.397244,7.3902225,0.043478260869565216,0.08333333333333333,-5.8377776,-4.792267,-0.470726,-0.14235599999999948,88.5056116,3,0.0,0.0,1.0,3.1310359617528336,6,64.5915745,0,3.7629777000000018,2.0720079,6,1.801089512680631e-15,0.0,1
tailor,woman,man,gpt2,74,consistent,8.4791355,7.188241,0.05263157894736842,0.14285714285714285,-5.7872477,-4.0195284,-0.7604981000000004,-0.1470317999999997,86.5009432,1,0.038425199999999826,0.038425199999999826,1.0,3.537838211897261,6,61.129456,0,2.796133299999999,3.0154918000000004,6,1.2779209146178183e-15,0.0,1
tailor,man,woman,gpt2,75,inconsistent,8.46791,7.2473154,1.0,0.5,-4.654386,-3.7304213,1.8721010000000007,0.27596269999999956,86.8558399,1,2.1468220000000002,0.0,0.25,6.335449968477593,6,59.118641600000004,0,7.928369000000001,2.3870158999999997,0,1.4408700575652105e-15,0.0,1
teacher,woman,man,gpt2,76,consistent,8.396225,7.312147,0.041666666666666664,0.25,-5.8420267,-4.1488776,-0.3763962000000003,0.3467360000000008,87.26630469999999,1,0.0,0.0,1.0,3.5085192382322887,6,61.4412399,0,5.0090004,0.9544041000000005,6,1.6388089698376925e-15,0.0,1
teacher,man,woman,gpt2,77,inconsistent,8.387369,7.3282266,0.2,0.125,-5.164891,-4.3864775,1.188377,-0.30048090000000016,87.51803770000001,1,1.9479230000000012,0.36011099999999985,0.8333333333333334,2.5001873758617204,6,64.191882,0,2.9519565000000014,2.876303000000001,0,1.5130360903316852e-15,0.0,1
writer,woman,man,gpt2,78,consistent,8.66495,7.26253,0.0625,0.5,-5.8651943,-3.7148116,-0.3705292999999994,0.6951194000000003,88.5850152,1,0.006110700000000691,0.006110700000000691,1.0,5.227378251189232,5,60.27798659999999,0,6.243487500000001,0.7820377000000001,6,1.2577044327786005e-15,0.0,6
writer,man,woman,gpt2,79,inconsistent,8.620129,7.319584,0.25,0.16666666666666666,-5.0412226,-4.2400365,1.6536103999999998,-0.5043793000000005,88.8856675,1,1.9431094999999985,0.5043793000000005,0.6666666666666666,3.9364809757971835,6,63.65536829999999,0,3.856588399999999,2.8248700999999987,0,1.3104226756243678e-15,0.0,4
